<?xml version = '1.0' encoding = 'UTF-8'?>
<Relation class="oracle.dbtools.crest.model.design.logical.Relation" name="Relation_1" directorySegmentName="seg_0" id="3775805F-4A85-500A-B3E4-9B899F3E4671">
<createdBy>jbarr</createdBy>
<createdTime>2024-08-25 00:17:23 UTC</createdTime>
<ownerDesignName>S3</ownerDesignName>
<engineerTo>
<item key="063BFBB4-4D61-0EC2-AF13-6E72D89387A5" value="true"/>
</engineerTo>
<sourcePk>40805DB7-B418-99F0-0A0E-310BAC78234D</sourcePk>
<targetPk>E0B77ADB-AB92-24CA-A1F3-36D1C0BEDC33</targetPk>
<identifying>false</identifying>
<nameOnSource>Tiene</nameOnSource>
<nameOnTarget>Pertenece</nameOnTarget>
<optionalSource>true</optionalSource>
<optionalTarget>false</optionalTarget>
<sourceCardinality>1</sourceCardinality>
<sourceEntity>E69C4390-4010-DF41-BC75-7FA185C454CA</sourceEntity>
<targetCardinalityString>*</targetCardinalityString>
<targetEntity>F374F309-4890-979E-0982-9D2B29323D5F</targetEntity>
<transferable>true</transferable>
<deleteRule>NO ACTION</deleteRule>
</Relation>