<?xml version = '1.0' encoding = 'UTF-8'?>
<Relation class="oracle.dbtools.crest.model.design.logical.Relation" name="Relation_4" directorySegmentName="seg_0" id="3B396D0C-2F0C-8CE0-B451-2181164BDAD0">
<createdBy>jbarr</createdBy>
<createdTime>2024-08-25 02:30:43 UTC</createdTime>
<ownerDesignName>S3</ownerDesignName>
<engineerTo>
<item key="063BFBB4-4D61-0EC2-AF13-6E72D89387A5" value="true"/>
</engineerTo>
<sourcePk>196BAF11-0CB3-F265-67D9-365509B96464</sourcePk>
<targetPk>4A957BA1-1EE1-2E8B-1932-6CE8AAB4D1AC</targetPk>
<identifying>false</identifying>
<nameOnSource>Tiene</nameOnSource>
<nameOnTarget>Pertenece a</nameOnTarget>
<optionalSource>false</optionalSource>
<optionalTarget>true</optionalTarget>
<sourceCardinality>1</sourceCardinality>
<sourceEntity>B9BD3720-2803-323F-BB8F-187589BD97F7</sourceEntity>
<targetCardinalityString>1</targetCardinalityString>
<targetEntity>98CC4773-6CD1-F23B-1C4C-C40CA5ECAF86</targetEntity>
<transferable>true</transferable>
<deleteRule>NO ACTION</deleteRule>
</Relation>