<?xml version = '1.0' encoding = 'UTF-8'?>
<Relation class="oracle.dbtools.crest.model.design.logical.Relation" name="Relation_5" directorySegmentName="seg_0" id="3DDC0C93-58B8-DBB3-FA19-653D3C494AC5">
<createdBy>jbarr</createdBy>
<createdTime>2024-08-25 02:40:03 UTC</createdTime>
<ownerDesignName>S3</ownerDesignName>
<engineerTo>
<item key="063BFBB4-4D61-0EC2-AF13-6E72D89387A5" value="true"/>
</engineerTo>
<sourcePk>196BAF11-0CB3-F265-67D9-365509B96464</sourcePk>
<targetPk>091C0C37-414F-8D63-39C0-DE40F8A76751</targetPk>
<identifying>false</identifying>
<nameOnSource>Tiene</nameOnSource>
<nameOnTarget>Pertenece a</nameOnTarget>
<optionalSource>false</optionalSource>
<optionalTarget>true</optionalTarget>
<sourceCardinality>1</sourceCardinality>
<sourceEntity>B9BD3720-2803-323F-BB8F-187589BD97F7</sourceEntity>
<targetCardinalityString>1</targetCardinalityString>
<targetEntity>2B6E61E2-B9D5-C704-4E36-269FC7708321</targetEntity>
<transferable>true</transferable>
<deleteRule>NO ACTION</deleteRule>
</Relation>