<?xml version = '1.0' encoding = 'UTF-8'?>
<Relation class="oracle.dbtools.crest.model.design.logical.Relation" name="Relation_2" directorySegmentName="seg_0" id="453E5853-A11E-3A2F-9989-49B1213E7D82">
<createdBy>jbarr</createdBy>
<createdTime>2024-08-25 00:24:27 UTC</createdTime>
<ownerDesignName>S3</ownerDesignName>
<engineerTo>
<item key="063BFBB4-4D61-0EC2-AF13-6E72D89387A5" value="true"/>
</engineerTo>
<sourcePk>E0B77ADB-AB92-24CA-A1F3-36D1C0BEDC33</sourcePk>
<targetPk>196BAF11-0CB3-F265-67D9-365509B96464</targetPk>
<identifying>false</identifying>
<nameOnSource>Puede tener</nameOnSource>
<nameOnTarget>Pertenece a</nameOnTarget>
<optionalSource>true</optionalSource>
<optionalTarget>false</optionalTarget>
<sourceCardinality>1</sourceCardinality>
<sourceEntity>F374F309-4890-979E-0982-9D2B29323D5F</sourceEntity>
<targetCardinalityString>*</targetCardinalityString>
<targetEntity>B9BD3720-2803-323F-BB8F-187589BD97F7</targetEntity>
<transferable>true</transferable>
<deleteRule>NO ACTION</deleteRule>
</Relation>