<?xml version = '1.0' encoding = 'UTF-8'?>
<Relation class="oracle.dbtools.crest.model.design.logical.Relation" name="Relation_6" directorySegmentName="seg_0" id="630212AE-CF22-7C7B-618B-1A028FE5011F">
<createdBy>jbarr</createdBy>
<createdTime>2024-08-25 02:46:29 UTC</createdTime>
<ownerDesignName>S3</ownerDesignName>
<engineerTo>
<item key="063BFBB4-4D61-0EC2-AF13-6E72D89387A5" value="true"/>
</engineerTo>
<sourcePk>E0B77ADB-AB92-24CA-A1F3-36D1C0BEDC33</sourcePk>
<targetPk>4A957BA1-1EE1-2E8B-1932-6CE8AAB4D1AC</targetPk>
<identifying>true</identifying>
<nameOnSource>Tiene</nameOnSource>
<nameOnTarget>Pertenece a</nameOnTarget>
<optionalSource>false</optionalSource>
<optionalTarget>false</optionalTarget>
<sourceCardinality>1</sourceCardinality>
<sourceEntity>F374F309-4890-979E-0982-9D2B29323D5F</sourceEntity>
<targetCardinalityString>*</targetCardinalityString>
<targetEntity>98CC4773-6CD1-F23B-1C4C-C40CA5ECAF86</targetEntity>
<transferable>true</transferable>
<deleteRule>NO ACTION</deleteRule>
</Relation>