<?xml version = '1.0' encoding = 'UTF-8'?>
<Relation class="oracle.dbtools.crest.model.design.logical.Relation" name="Relation_8" directorySegmentName="seg_0" id="65E85C5C-BD1B-42A1-D7ED-D10587FBCFC0">
<createdBy>jbarr</createdBy>
<createdTime>2024-08-25 03:23:34 UTC</createdTime>
<ownerDesignName>S3</ownerDesignName>
<engineerTo>
<item key="063BFBB4-4D61-0EC2-AF13-6E72D89387A5" value="true"/>
</engineerTo>
<sourcePk>091C0C37-414F-8D63-39C0-DE40F8A76751</sourcePk>
<targetPk>4A957BA1-1EE1-2E8B-1932-6CE8AAB4D1AC</targetPk>
<identifying>false</identifying>
<nameOnSource>Tiene</nameOnSource>
<nameOnTarget>Pertenece</nameOnTarget>
<optionalSource>false</optionalSource>
<optionalTarget>false</optionalTarget>
<sourceCardinality>*</sourceCardinality>
<sourceEntity>2B6E61E2-B9D5-C704-4E36-269FC7708321</sourceEntity>
<targetCardinalityString>*</targetCardinalityString>
<targetEntity>98CC4773-6CD1-F23B-1C4C-C40CA5ECAF86</targetEntity>
<transferable>true</transferable>
<deleteRule>NO ACTION</deleteRule>
</Relation>