<?xml version = '1.0' encoding = 'UTF-8'?>
<Relation class="oracle.dbtools.crest.model.design.logical.Relation" name="Relation_7" directorySegmentName="seg_0" id="7377655E-9B5D-CDD7-A3A0-95C53124C0D8">
<createdBy>jbarr</createdBy>
<createdTime>2024-08-25 02:55:48 UTC</createdTime>
<ownerDesignName>S3</ownerDesignName>
<engineerTo>
<item key="063BFBB4-4D61-0EC2-AF13-6E72D89387A5" value="true"/>
</engineerTo>
<sourcePk>66BBEA83-C2E1-EBDB-27F8-D35F40452B46</sourcePk>
<targetPk>40805DB7-B418-99F0-0A0E-310BAC78234D</targetPk>
<identifying>false</identifying>
<nameOnSource>Puede tener</nameOnSource>
<nameOnTarget>Pertenece a</nameOnTarget>
<optionalSource>true</optionalSource>
<optionalTarget>false</optionalTarget>
<sourceCardinality>1</sourceCardinality>
<sourceEntity>B4AE97E5-5E91-0D9C-C167-38934A29FD3B</sourceEntity>
<targetCardinalityString>*</targetCardinalityString>
<targetEntity>E69C4390-4010-DF41-BC75-7FA185C454CA</targetEntity>
<transferable>true</transferable>
<deleteRule>NO ACTION</deleteRule>
</Relation>