<?xml version = '1.0' encoding = 'UTF-8'?>
<Relation class="oracle.dbtools.crest.model.design.logical.Relation" name="Relation_3" directorySegmentName="seg_0" id="9D326600-6725-6216-1A6E-907DF396BD7D">
<createdBy>jbarr</createdBy>
<createdTime>2024-08-25 00:27:18 UTC</createdTime>
<ownerDesignName>S3</ownerDesignName>
<engineerTo>
<item key="063BFBB4-4D61-0EC2-AF13-6E72D89387A5" value="true"/>
</engineerTo>
<sourcePk>E0B77ADB-AB92-24CA-A1F3-36D1C0BEDC33</sourcePk>
<targetPk>091C0C37-414F-8D63-39C0-DE40F8A76751</targetPk>
<identifying>true</identifying>
<nameOnSource>Tiene</nameOnSource>
<nameOnTarget>Pertenece a</nameOnTarget>
<optionalSource>false</optionalSource>
<optionalTarget>false</optionalTarget>
<sourceCardinality>1</sourceCardinality>
<sourceEntity>F374F309-4890-979E-0982-9D2B29323D5F</sourceEntity>
<targetCardinalityString>*</targetCardinalityString>
<targetEntity>2B6E61E2-B9D5-C704-4E36-269FC7708321</targetEntity>
<transferable>true</transferable>
<deleteRule>NO ACTION</deleteRule>
</Relation>