<?xml version = '1.0' encoding = 'UTF-8'?>
<Entity class="oracle.dbtools.crest.model.design.logical.Entity" directorySegmentName="seg_0" id="2B6E61E2-B9D5-C704-4E36-269FC7708321" name="ESPECIE">
<createdBy>jbarr</createdBy>
<createdTime>2024-08-25 00:19:36 UTC</createdTime>
<ownerDesignName>S3</ownerDesignName>
<engineerTo>
<item key="063BFBB4-4D61-0EC2-AF13-6E72D89387A5" value="true"/>
</engineerTo>
<adequatelyNormalized>NO</adequatelyNormalized>
<expectedVolumes>0</expectedVolumes>
<fwdEngineeringStrategyName>Single Table</fwdEngineeringStrategyName>
<growthPercent>0</growthPercent>
<growthType>Year</growthType>
<maxVolumes>9999999</maxVolumes>
<minVolumes>0</minVolumes>
<normalForm>Third</normalForm>
<attributes itemClass="oracle.dbtools.crest.model.design.logical.Attribute">
<Attribute name="id_especie" id="890D0CCE-9B47-98A0-1C03-22E9E205D007">
<createdBy>jbarr</createdBy>
<createdTime>2024-08-25 00:19:51 UTC</createdTime>
<ownerDesignName>S3</ownerDesignName>
<engineerTo>
<item key="063BFBB4-4D61-0EC2-AF13-6E72D89387A5" value="true"/>
</engineerTo>
<useDomainConstraints>false</useDomainConstraints>
<use>1</use>
<logicalDatatype>LOGDT019</logicalDatatype>
<dataTypePrecision>10</dataTypePrecision>
<ownDataTypeParameters>,10,</ownDataTypeParameters>
</Attribute>
<Attribute name="nombre_especie" id="5CEB05AC-67E9-8B61-1EDC-AA1630C4398E">
<createdBy>jbarr</createdBy>
<createdTime>2024-08-25 00:20:13 UTC</createdTime>
<ownerDesignName>S3</ownerDesignName>
<engineerTo>
<item key="063BFBB4-4D61-0EC2-AF13-6E72D89387A5" value="true"/>
</engineerTo>
<useDomainConstraints>false</useDomainConstraints>
<use>1</use>
<logicalDatatype>LOGDT024</logicalDatatype>
<dataTypeSize>20 BYTE</dataTypeSize>
<ownDataTypeParameters>20 BYTE,,</ownDataTypeParameters>
</Attribute>
<Attribute name="id_arbol" id="5E0B3569-C082-BD7A-EE71-A765DC6826A3">
<createdBy>jbarr</createdBy>
<createdTime>2024-08-25 00:27:18 UTC</createdTime>
<generatorID>9D326600-6725-6216-1A6E-907DF396BD7D</generatorID>
<ownerDesignName>S3</ownerDesignName>
<engineerTo>
<item key="063BFBB4-4D61-0EC2-AF13-6E72D89387A5" value="true"/>
</engineerTo>
<referedAttribute>B570A597-3169-D6DC-A845-19559F21A47D</referedAttribute>
<useDomainConstraints>false</useDomainConstraints>
<use>1</use>
<logicalDatatype>LOGDT019</logicalDatatype>
<dataTypePrecision>20</dataTypePrecision>
<ownDataTypeParameters>,,</ownDataTypeParameters>
</Attribute>
</attributes>
<identifiers itemClass="oracle.dbtools.crest.model.design.logical.CandidateKey">
<identifier id="091C0C37-414F-8D63-39C0-DE40F8A76751" name="ESPECIE PK">
<createdBy>jbarr</createdBy>
<createdTime>2024-08-25 00:20:10 UTC</createdTime>
<ownerDesignName>S3</ownerDesignName>
<engineerTo>
<item key="063BFBB4-4D61-0EC2-AF13-6E72D89387A5" value="true"/>
</engineerTo>
<pk>true</pk>
<usedAttributes>
<attributeRef>890D0CCE-9B47-98A0-1C03-22E9E205D007</attributeRef>
<attributeRef>5E0B3569-C082-BD7A-EE71-A765DC6826A3</attributeRef>
</usedAttributes>
</identifier>
</identifiers>
</Entity>