<?xml version = '1.0' encoding = 'UTF-8'?>
<Entity class="oracle.dbtools.crest.model.design.logical.Entity" directorySegmentName="seg_0" id="98CC4773-6CD1-F23B-1C4C-C40CA5ECAF86" name="VARIEDAD">
<createdBy>jbarr</createdBy>
<createdTime>2024-08-25 00:21:09 UTC</createdTime>
<ownerDesignName>S3</ownerDesignName>
<engineerTo>
<item key="063BFBB4-4D61-0EC2-AF13-6E72D89387A5" value="true"/>
</engineerTo>
<adequatelyNormalized>NO</adequatelyNormalized>
<expectedVolumes>0</expectedVolumes>
<fwdEngineeringStrategyName>Single Table</fwdEngineeringStrategyName>
<growthPercent>0</growthPercent>
<growthType>Year</growthType>
<maxVolumes>9999999</maxVolumes>
<minVolumes>0</minVolumes>
<normalForm>Third</normalForm>
<attributes itemClass="oracle.dbtools.crest.model.design.logical.Attribute">
<Attribute name="id_variedad" id="318205B1-4634-9104-17CF-83CE2243B60A">
<createdBy>jbarr</createdBy>
<createdTime>2024-08-25 00:21:18 UTC</createdTime>
<ownerDesignName>S3</ownerDesignName>
<engineerTo>
<item key="063BFBB4-4D61-0EC2-AF13-6E72D89387A5" value="true"/>
</engineerTo>
<useDomainConstraints>false</useDomainConstraints>
<use>1</use>
<logicalDatatype>LOGDT019</logicalDatatype>
<dataTypePrecision>10</dataTypePrecision>
<ownDataTypeParameters>,10,</ownDataTypeParameters>
</Attribute>
<Attribute name="nombre_variedad" id="ADA62D17-CE82-1426-D596-8407A5F4CD8A">
<createdBy>jbarr</createdBy>
<createdTime>2024-08-25 00:21:35 UTC</createdTime>
<ownerDesignName>S3</ownerDesignName>
<engineerTo>
<item key="063BFBB4-4D61-0EC2-AF13-6E72D89387A5" value="true"/>
</engineerTo>
<useDomainConstraints>false</useDomainConstraints>
<use>1</use>
<logicalDatatype>LOGDT024</logicalDatatype>
<dataTypeSize>20 BYTE</dataTypeSize>
<ownDataTypeParameters>20 BYTE,,</ownDataTypeParameters>
</Attribute>
<Attribute name="id_arbol" id="B8EAD415-D4CF-4571-142E-4C48733C9DB7">
<createdBy>jbarr</createdBy>
<createdTime>2024-08-25 02:46:29 UTC</createdTime>
<generatorID>630212AE-CF22-7C7B-618B-1A028FE5011F</generatorID>
<ownerDesignName>S3</ownerDesignName>
<engineerTo>
<item key="063BFBB4-4D61-0EC2-AF13-6E72D89387A5" value="true"/>
</engineerTo>
<referedAttribute>B570A597-3169-D6DC-A845-19559F21A47D</referedAttribute>
<useDomainConstraints>false</useDomainConstraints>
<use>1</use>
<logicalDatatype>LOGDT019</logicalDatatype>
<dataTypePrecision>20</dataTypePrecision>
<ownDataTypeParameters>,,</ownDataTypeParameters>
</Attribute>
</attributes>
<identifiers itemClass="oracle.dbtools.crest.model.design.logical.CandidateKey">
<identifier id="4A957BA1-1EE1-2E8B-1932-6CE8AAB4D1AC" name="VARIEDAD PK">
<createdBy>jbarr</createdBy>
<createdTime>2024-08-25 00:21:32 UTC</createdTime>
<ownerDesignName>S3</ownerDesignName>
<engineerTo>
<item key="063BFBB4-4D61-0EC2-AF13-6E72D89387A5" value="true"/>
</engineerTo>
<pk>true</pk>
<usedAttributes>
<attributeRef>318205B1-4634-9104-17CF-83CE2243B60A</attributeRef>
<attributeRef>B8EAD415-D4CF-4571-142E-4C48733C9DB7</attributeRef>
</usedAttributes>
</identifier>
</identifiers>
</Entity>