<?xml version = '1.0' encoding = 'UTF-8'?>
<Entity class="oracle.dbtools.crest.model.design.logical.Entity" directorySegmentName="seg_0" id="B9BD3720-2803-323F-BB8F-187589BD97F7" name="INJERTO">
<createdBy>jbarr</createdBy>
<createdTime>2024-08-25 00:22:19 UTC</createdTime>
<ownerDesignName>S3</ownerDesignName>
<engineerTo>
<item key="063BFBB4-4D61-0EC2-AF13-6E72D89387A5" value="true"/>
</engineerTo>
<adequatelyNormalized>NO</adequatelyNormalized>
<expectedVolumes>0</expectedVolumes>
<fwdEngineeringStrategyName>Single Table</fwdEngineeringStrategyName>
<growthPercent>0</growthPercent>
<growthType>Year</growthType>
<maxVolumes>9999999</maxVolumes>
<minVolumes>0</minVolumes>
<normalForm>Third</normalForm>
<attributes itemClass="oracle.dbtools.crest.model.design.logical.Attribute">
<Attribute name="id_injerto" id="567B69C0-623A-17DF-B533-F4531F5CD6B4">
<createdBy>jbarr</createdBy>
<createdTime>2024-08-25 00:22:28 UTC</createdTime>
<ownerDesignName>S3</ownerDesignName>
<engineerTo>
<item key="063BFBB4-4D61-0EC2-AF13-6E72D89387A5" value="true"/>
</engineerTo>
<useDomainConstraints>false</useDomainConstraints>
<use>1</use>
<logicalDatatype>LOGDT019</logicalDatatype>
<dataTypePrecision>10</dataTypePrecision>
<ownDataTypeParameters>,10,</ownDataTypeParameters>
</Attribute>
<Attribute name="id_arbol" id="1A44CA43-3703-F257-3DB5-20CAEC0A4FA3">
<createdBy>jbarr</createdBy>
<createdTime>2024-08-25 00:24:27 UTC</createdTime>
<generatorID>453E5853-A11E-3A2F-9989-49B1213E7D82</generatorID>
<ownerDesignName>S3</ownerDesignName>
<engineerTo>
<item key="063BFBB4-4D61-0EC2-AF13-6E72D89387A5" value="true"/>
</engineerTo>
<referedAttribute>B570A597-3169-D6DC-A845-19559F21A47D</referedAttribute>
<useDomainConstraints>false</useDomainConstraints>
<use>1</use>
<logicalDatatype>LOGDT019</logicalDatatype>
<dataTypePrecision>20</dataTypePrecision>
<ownDataTypeParameters>,,</ownDataTypeParameters>
</Attribute>
<Attribute name="id_especie" id="E0393676-4C47-3B0E-A3D7-E471B089CEC3">
<createdBy>jbarr</createdBy>
<createdTime>2024-08-25 02:47:42 UTC</createdTime>
<generatorID>3DDC0C93-58B8-DBB3-FA19-653D3C494AC5</generatorID>
<ownerDesignName>S3</ownerDesignName>
<engineerTo>
<item key="063BFBB4-4D61-0EC2-AF13-6E72D89387A5" value="true"/>
</engineerTo>
<referedAttribute>890D0CCE-9B47-98A0-1C03-22E9E205D007</referedAttribute>
<useDomainConstraints>false</useDomainConstraints>
<use>1</use>
<logicalDatatype>LOGDT019</logicalDatatype>
<dataTypePrecision>10</dataTypePrecision>
<ownDataTypeParameters>,,</ownDataTypeParameters>
</Attribute>
<Attribute name="id_variedad" id="04B16F33-4CDF-5DAA-415A-FA0EA20D5B18">
<createdBy>jbarr</createdBy>
<createdTime>2024-08-25 02:48:00 UTC</createdTime>
<generatorID>3B396D0C-2F0C-8CE0-B451-2181164BDAD0</generatorID>
<ownerDesignName>S3</ownerDesignName>
<engineerTo>
<item key="063BFBB4-4D61-0EC2-AF13-6E72D89387A5" value="true"/>
</engineerTo>
<referedAttribute>318205B1-4634-9104-17CF-83CE2243B60A</referedAttribute>
<useDomainConstraints>false</useDomainConstraints>
<use>1</use>
<logicalDatatype>LOGDT019</logicalDatatype>
<dataTypePrecision>10</dataTypePrecision>
<ownDataTypeParameters>,,</ownDataTypeParameters>
</Attribute>
<Attribute name="id_arbol1" id="1F7FBBA2-0A64-5BE6-AF82-3AAC859A9E29">
<createdBy>jbarr</createdBy>
<createdTime>2024-08-25 02:48:00 UTC</createdTime>
<generatorID>3B396D0C-2F0C-8CE0-B451-2181164BDAD0</generatorID>
<ownerDesignName>S3</ownerDesignName>
<engineerTo>
<item key="063BFBB4-4D61-0EC2-AF13-6E72D89387A5" value="true"/>
</engineerTo>
<referedAttribute>B8EAD415-D4CF-4571-142E-4C48733C9DB7</referedAttribute>
<useDomainConstraints>false</useDomainConstraints>
<use>1</use>
<logicalDatatype>LOGDT019</logicalDatatype>
<dataTypePrecision>20</dataTypePrecision>
<ownDataTypeParameters>,,</ownDataTypeParameters>
</Attribute>
<Attribute name="id_arbol2" id="B5C7A131-42D2-E80A-92AE-FD9CE5D08D98">
<createdBy>jbarr</createdBy>
<createdTime>2024-08-25 03:57:38 UTC</createdTime>
<generatorID>3DDC0C93-58B8-DBB3-FA19-653D3C494AC5</generatorID>
<ownerDesignName>S3</ownerDesignName>
<engineerTo>
<item key="063BFBB4-4D61-0EC2-AF13-6E72D89387A5" value="true"/>
</engineerTo>
<referedAttribute>5E0B3569-C082-BD7A-EE71-A765DC6826A3</referedAttribute>
<useDomainConstraints>false</useDomainConstraints>
<use>1</use>
<logicalDatatype>LOGDT019</logicalDatatype>
<dataTypePrecision>20</dataTypePrecision>
<ownDataTypeParameters>,,</ownDataTypeParameters>
</Attribute>
</attributes>
<identifiers itemClass="oracle.dbtools.crest.model.design.logical.CandidateKey">
<identifier id="196BAF11-0CB3-F265-67D9-365509B96464" name="INJERTO PK">
<createdBy>jbarr</createdBy>
<createdTime>2024-08-25 00:22:45 UTC</createdTime>
<ownerDesignName>S3</ownerDesignName>
<engineerTo>
<item key="063BFBB4-4D61-0EC2-AF13-6E72D89387A5" value="true"/>
</engineerTo>
<pk>true</pk>
<usedAttributes>
<attributeRef>567B69C0-623A-17DF-B533-F4531F5CD6B4</attributeRef>
</usedAttributes>
</identifier>
</identifiers>
</Entity>