<?xml version = '1.0' encoding = 'UTF-8'?>
<Entity class="oracle.dbtools.crest.model.design.logical.Entity" directorySegmentName="seg_0" id="E69C4390-4010-DF41-BC75-7FA185C454CA" name="HUERTO">
<createdBy>jbarr</createdBy>
<createdTime>2024-08-24 22:24:40 UTC</createdTime>
<ownerDesignName>S3</ownerDesignName>
<engineerTo>
<item key="063BFBB4-4D61-0EC2-AF13-6E72D89387A5" value="true"/>
</engineerTo>
<adequatelyNormalized>NO</adequatelyNormalized>
<expectedVolumes>0</expectedVolumes>
<fwdEngineeringStrategyName>Single Table</fwdEngineeringStrategyName>
<growthPercent>0</growthPercent>
<growthType>Year</growthType>
<maxVolumes>9999999</maxVolumes>
<minVolumes>0</minVolumes>
<normalForm>Third</normalForm>
<attributes itemClass="oracle.dbtools.crest.model.design.logical.Attribute">
<Attribute name="id_huerto" id="C9114BDE-E1F0-7BA6-FAC5-54BA6EE8077E">
<createdBy>jbarr</createdBy>
<createdTime>2024-08-24 22:26:54 UTC</createdTime>
<ownerDesignName>S3</ownerDesignName>
<engineerTo>
<item key="063BFBB4-4D61-0EC2-AF13-6E72D89387A5" value="true"/>
</engineerTo>
<useDomainConstraints>false</useDomainConstraints>
<use>1</use>
<logicalDatatype>LOGDT019</logicalDatatype>
<dataTypePrecision>20</dataTypePrecision>
<dataTypeScale>10</dataTypeScale>
<ownDataTypeParameters>,20,10</ownDataTypeParameters>
</Attribute>
<Attribute name="nombre_huerto" id="0D3E0291-E8E6-66E1-9192-80A31B985225">
<createdBy>jbarr</createdBy>
<createdTime>2024-08-24 22:28:15 UTC</createdTime>
<ownerDesignName>S3</ownerDesignName>
<engineerTo>
<item key="063BFBB4-4D61-0EC2-AF13-6E72D89387A5" value="true"/>
</engineerTo>
<useDomainConstraints>false</useDomainConstraints>
<use>1</use>
<logicalDatatype>LOGDT024</logicalDatatype>
<dataTypeSize>20 BYTE</dataTypeSize>
<ownDataTypeParameters>20 BYTE,,</ownDataTypeParameters>
</Attribute>
<Attribute name="area_huerto" id="EA9C0115-6FE9-3B71-9597-337B8ED452B2">
<createdBy>jbarr</createdBy>
<createdTime>2024-08-24 22:28:27 UTC</createdTime>
<ownerDesignName>S3</ownerDesignName>
<engineerTo>
<item key="063BFBB4-4D61-0EC2-AF13-6E72D89387A5" value="true"/>
</engineerTo>
<useDomainConstraints>false</useDomainConstraints>
<use>1</use>
<logicalDatatype>LOGDT019</logicalDatatype>
<dataTypePrecision>20</dataTypePrecision>
<dataTypeScale>10</dataTypeScale>
<ownDataTypeParameters>,20,10</ownDataTypeParameters>
</Attribute>
<Attribute name="id_dueño" id="D69A20E5-35D1-6624-3F6E-C0FF38BD8880">
<createdBy>jbarr</createdBy>
<createdTime>2024-08-25 02:55:48 UTC</createdTime>
<generatorID>7377655E-9B5D-CDD7-A3A0-95C53124C0D8</generatorID>
<ownerDesignName>S3</ownerDesignName>
<engineerTo>
<item key="063BFBB4-4D61-0EC2-AF13-6E72D89387A5" value="true"/>
</engineerTo>
<referedAttribute>0070169E-953E-AD75-F00F-68253C10E889</referedAttribute>
<useDomainConstraints>false</useDomainConstraints>
<use>1</use>
<logicalDatatype>LOGDT019</logicalDatatype>
<dataTypePrecision>10</dataTypePrecision>
<ownDataTypeParameters>,,</ownDataTypeParameters>
</Attribute>
</attributes>
<identifiers itemClass="oracle.dbtools.crest.model.design.logical.CandidateKey">
<identifier id="40805DB7-B418-99F0-0A0E-310BAC78234D" name="HUERTO PK">
<createdBy>jbarr</createdBy>
<createdTime>2024-08-24 22:27:58 UTC</createdTime>
<ownerDesignName>S3</ownerDesignName>
<engineerTo>
<item key="063BFBB4-4D61-0EC2-AF13-6E72D89387A5" value="true"/>
</engineerTo>
<pk>true</pk>
<usedAttributes>
<attributeRef>C9114BDE-E1F0-7BA6-FAC5-54BA6EE8077E</attributeRef>
</usedAttributes>
</identifier>
</identifiers>
</Entity>