<?xml version = '1.0' encoding = 'UTF-8'?>
<Entity class="oracle.dbtools.crest.model.design.logical.Entity" directorySegmentName="seg_0" id="F374F309-4890-979E-0982-9D2B29323D5F" name="ARBOL">
<createdBy>jbarr</createdBy>
<createdTime>2024-08-24 22:42:47 UTC</createdTime>
<ownerDesignName>S3</ownerDesignName>
<engineerTo>
<item key="063BFBB4-4D61-0EC2-AF13-6E72D89387A5" value="true"/>
</engineerTo>
<adequatelyNormalized>NO</adequatelyNormalized>
<expectedVolumes>0</expectedVolumes>
<fwdEngineeringStrategyName>Single Table</fwdEngineeringStrategyName>
<growthPercent>0</growthPercent>
<growthType>Year</growthType>
<maxVolumes>9999999</maxVolumes>
<minVolumes>0</minVolumes>
<normalForm>Third</normalForm>
<attributes itemClass="oracle.dbtools.crest.model.design.logical.Attribute">
<Attribute name="id_arbol" id="B570A597-3169-D6DC-A845-19559F21A47D">
<createdBy>jbarr</createdBy>
<createdTime>2024-08-24 22:42:54 UTC</createdTime>
<ownerDesignName>S3</ownerDesignName>
<engineerTo>
<item key="063BFBB4-4D61-0EC2-AF13-6E72D89387A5" value="true"/>
</engineerTo>
<useDomainConstraints>false</useDomainConstraints>
<use>1</use>
<logicalDatatype>LOGDT019</logicalDatatype>
<dataTypePrecision>20</dataTypePrecision>
<ownDataTypeParameters>,20,</ownDataTypeParameters>
</Attribute>
<Attribute name="annio_plantado_arbol" id="39E3B45F-D9AC-2C0B-64BF-3EFE801FC029">
<createdBy>jbarr</createdBy>
<createdTime>2024-08-24 22:46:10 UTC</createdTime>
<ownerDesignName>S3</ownerDesignName>
<engineerTo>
<item key="063BFBB4-4D61-0EC2-AF13-6E72D89387A5" value="true"/>
</engineerTo>
<useDomainConstraints>false</useDomainConstraints>
<use>1</use>
<logicalDatatype>LOGDT007</logicalDatatype>
<ownDataTypeParameters>,,</ownDataTypeParameters>
</Attribute>
<Attribute name="annio_muerte_arbol" id="9381D29E-53DA-F1A0-E582-567568DBE5CB">
<createdBy>jbarr</createdBy>
<createdTime>2024-08-24 22:55:05 UTC</createdTime>
<ownerDesignName>S3</ownerDesignName>
<engineerTo>
<item key="063BFBB4-4D61-0EC2-AF13-6E72D89387A5" value="true"/>
</engineerTo>
<nullsAllowed>true</nullsAllowed>
<useDomainConstraints>false</useDomainConstraints>
<use>1</use>
<logicalDatatype>LOGDT007</logicalDatatype>
<ownDataTypeParameters>,,</ownDataTypeParameters>
</Attribute>
<Attribute name="id_huerto" id="07F156AD-0388-EBA8-191F-DCF496E2719D">
<createdBy>jbarr</createdBy>
<createdTime>2024-08-25 00:18:18 UTC</createdTime>
<generatorID>3775805F-4A85-500A-B3E4-9B899F3E4671</generatorID>
<ownerDesignName>S3</ownerDesignName>
<engineerTo>
<item key="063BFBB4-4D61-0EC2-AF13-6E72D89387A5" value="true"/>
</engineerTo>
<referedAttribute>C9114BDE-E1F0-7BA6-FAC5-54BA6EE8077E</referedAttribute>
<useDomainConstraints>false</useDomainConstraints>
<use>1</use>
<logicalDatatype>LOGDT019</logicalDatatype>
<dataTypePrecision>20</dataTypePrecision>
<dataTypeScale>10</dataTypeScale>
<ownDataTypeParameters>,,</ownDataTypeParameters>
</Attribute>
</attributes>
<identifiers itemClass="oracle.dbtools.crest.model.design.logical.CandidateKey">
<identifier id="E0B77ADB-AB92-24CA-A1F3-36D1C0BEDC33" name="ARBOL PK">
<createdBy>jbarr</createdBy>
<createdTime>2024-08-24 22:45:30 UTC</createdTime>
<ownerDesignName>S3</ownerDesignName>
<engineerTo>
<item key="063BFBB4-4D61-0EC2-AF13-6E72D89387A5" value="true"/>
</engineerTo>
<pk>true</pk>
<usedAttributes>
<attributeRef>B570A597-3169-D6DC-A845-19559F21A47D</attributeRef>
</usedAttributes>
</identifier>
</identifiers>
</Entity>