<?xml version = '1.0' encoding = 'UTF-8'?>
<Diagram class="oracle.dbtools.crest.swingui.relational.DPVRelationalSubView" name="From_LM_Logical - SubView_1" id="148D55C6-43F5-B738-0371-1B178072C3EC">
<createdBy>jbarr</createdBy>
<modifiedBy>jbarr</modifiedBy>
<createdTime>2024-08-25 03:58:49 UTC</createdTime>
<autoRoute>false</autoRoute>
<boxInbox>true</boxInbox>
<showLegend>false</showLegend>
<showLabels>false</showLabels>
<showRelAttributes>false</showRelAttributes>
<gridEnabled>false</gridEnabled>
<showGrid>false</showGrid>
<diagramColor>-1</diagramColor>
<display>false</display>
<generatorId>15F7282A-55C0-779B-6958-7B24B1DC6D77</generatorId>
<notation>1</notation>
<objectViews>
<OView class="oracle.dbtools.crest.swingui.relational.TVTable" oid="1085915F-0C0A-E7C4-EBEB-8194A7A2475B" otype="Table" vid="07E3B10B-C0C9-C8DC-FACF-D5BB309C5189">
<hideElementsInCurrentOnly>false</hideElementsInCurrentOnly>
<bounds x="730" y="26" width="179" height="123"/>
<generatorID>84993EF8-6DBF-4F7B-9F98-8459CCDAA4CF</generatorID>
</OView>
</objectViews>
</Diagram>