<?xml version = '1.0' encoding = 'UTF-8'?>
<Diagram class="oracle.dbtools.crest.swingui.relational.DPVRelational" name="Relational_1" id="FE41B868-E595-0E88-72E3-1AC8998E7076">
<createdBy>jbarr</createdBy>
<modifiedBy>jbarr</modifiedBy>
<createdTime>2024-08-25 02:51:50 UTC</createdTime>
<autoRoute>false</autoRoute>
<boxInbox>true</boxInbox>
<showLegend>false</showLegend>
<showLabels>true</showLabels>
<showRelAttributes>false</showRelAttributes>
<gridEnabled>false</gridEnabled>
<showGrid>false</showGrid>
<diagramColor>-1</diagramColor>
<display>false</display>
<notation>1</notation>
<objectViews>
<OView class="oracle.dbtools.crest.swingui.relational.TVTable" oid="1085915F-0C0A-E7C4-EBEB-8194A7A2475B" otype="Table" vid="AFE47F0E-A11F-D02E-959C-5668D0372F87">
<hideElementsInCurrentOnly>false</hideElementsInCurrentOnly>
<bounds x="846" y="24" width="431" height="228"/>
</OView>
<OView class="oracle.dbtools.crest.swingui.relational.TVTable" oid="14316200-9721-6DBC-712B-AD920BF2E9A7" otype="Table" vid="EF43B427-D03B-1BD5-320D-08ED4303AF2D">
<hideElementsInCurrentOnly>false</hideElementsInCurrentOnly>
<bounds x="815" y="346" width="261" height="127"/>
</OView>
<OView class="oracle.dbtools.crest.swingui.relational.TVTable" oid="77B487A8-8BD2-A44C-40E8-86A0502A8137" otype="Table" vid="DBA2E64E-1D3D-A5B2-0EA0-03BC2BE265F0">
<hideElementsInCurrentOnly>false</hideElementsInCurrentOnly>
<bounds x="17" y="29" width="253" height="131"/>
</OView>
<OView class="oracle.dbtools.crest.swingui.relational.TVTable" oid="AB0B1148-D8BB-89FC-8741-576C63A42464" otype="Table" vid="74214937-3C18-0E45-7127-AD755D383139">
<hideElementsInCurrentOnly>false</hideElementsInCurrentOnly>
<bounds x="443" y="34" width="247" height="127"/>
</OView>
<OView class="oracle.dbtools.crest.swingui.relational.TVTable" oid="ACEF95BB-6BA2-E51B-FB46-19F42ED765EB" otype="Table" vid="D8D3054B-3BF5-ECBB-AF5C-EE2AB83B62C3">
<hideElementsInCurrentOnly>false</hideElementsInCurrentOnly>
<bounds x="137" y="329" width="243" height="121"/>
</OView>
<OView class="oracle.dbtools.crest.swingui.relational.TVTable" oid="B50A8BDE-49E6-5F1D-E29C-9085EB2A78B2" otype="Table" vid="6F20D385-7B84-4CF9-F058-682030970B5B">
<hideElementsInCurrentOnly>false</hideElementsInCurrentOnly>
<bounds x="309" y="536" width="625" height="157"/>
</OView>
<OView class="oracle.dbtools.crest.swingui.relational.TVTable" oid="B768CC51-9DA8-3ACD-E3CC-7007015DE265" otype="Table" vid="0CF76D1D-438D-99D5-746A-328957AFD7AA">
<hideElementsInCurrentOnly>false</hideElementsInCurrentOnly>
<bounds x="8" y="220" width="266" height="80"/>
</OView>
</objectViews>
<connectors>
<Connector class="oracle.dbtools.crest.swingui.relational.TVFKRelation" oid="1BD86EF9-4F12-9B78-6E39-B240CC8CEC08" otype="FKIndexAssociation" vid_source="D8D3054B-3BF5-ECBB-AF5C-EE2AB83B62C3" vid_target="AFE47F0E-A11F-D02E-959C-5668D0372F87">
<hideElementsInCurrentOnly>false</hideElementsInCurrentOnly>
<backgroundColor>-16777216</backgroundColor>
<lineWidth>1</lineWidth>
<centerLabel class="oracle.dbtools.crest.model.design.Label">
<site>1</site>
<labelBounds x="-385" y="-91" width="129" height="30"/>
<noBackgroundColor>true</noBackgroundColor>
<noForegroundColor>true</noForegroundColor>
</centerLabel>
<points>
<point x="380" y="351"/>
<point x="846" y="249"/>
</points>
</Connector>
<Connector class="oracle.dbtools.crest.swingui.relational.TVFKRelation" oid="3220A9BE-9292-E602-DF66-929DE7BFC351" otype="FKIndexAssociation" vid_source="EF43B427-D03B-1BD5-320D-08ED4303AF2D" vid_target="6F20D385-7B84-4CF9-F058-682030970B5B">
<hideElementsInCurrentOnly>false</hideElementsInCurrentOnly>
<backgroundColor>-16777216</backgroundColor>
<lineWidth>1</lineWidth>
<centerLabel class="oracle.dbtools.crest.model.design.Label">
<site>1</site>
<labelBounds x="-73" y="-16" width="144" height="30"/>
<noBackgroundColor>true</noBackgroundColor>
<noForegroundColor>true</noForegroundColor>
</centerLabel>
<points>
<point x="874" y="473"/>
<point x="961" y="521"/>
</points>
</Connector>
<Connector class="oracle.dbtools.crest.swingui.relational.TVFKRelation" oid="3628CB29-FB4D-BCDC-964C-17D625B7C1DA" otype="FKIndexAssociation" vid_source="0CF76D1D-438D-99D5-746A-328957AFD7AA" vid_target="DBA2E64E-1D3D-A5B2-0EA0-03BC2BE265F0">
<hideElementsInCurrentOnly>false</hideElementsInCurrentOnly>
<backgroundColor>-16777216</backgroundColor>
<lineWidth>1</lineWidth>
<centerLabel class="oracle.dbtools.crest.model.design.Label">
<site>1</site>
<labelBounds x="-355" y="-91" width="119" height="30"/>
<noBackgroundColor>true</noBackgroundColor>
<noForegroundColor>true</noForegroundColor>
</centerLabel>
<points>
<point x="143" y="220"/>
<point x="143" y="160"/>
</points>
</Connector>
<Connector class="oracle.dbtools.crest.swingui.relational.TVFKRelation" oid="509A5DB0-C61A-D25A-ED18-B241DF5C74EE" otype="FKIndexAssociation" vid_source="D8D3054B-3BF5-ECBB-AF5C-EE2AB83B62C3" vid_target="6F20D385-7B84-4CF9-F058-682030970B5B">
<hideElementsInCurrentOnly>false</hideElementsInCurrentOnly>
<backgroundColor>-16777216</backgroundColor>
<lineWidth>1</lineWidth>
<centerLabel class="oracle.dbtools.crest.model.design.Label">
<site>1</site>
<labelBounds x="-69" y="-16" width="137" height="30"/>
<noBackgroundColor>true</noBackgroundColor>
<noForegroundColor>true</noForegroundColor>
</centerLabel>
<points>
<point x="344" y="450"/>
<point x="488" y="525"/>
</points>
</Connector>
<Connector class="oracle.dbtools.crest.swingui.relational.TVFKRelation" oid="65EE1744-2068-E951-A5E3-606166D3D8B2" otype="FKIndexAssociation" vid_source="EF43B427-D03B-1BD5-320D-08ED4303AF2D" vid_target="AFE47F0E-A11F-D02E-959C-5668D0372F87">
<hideElementsInCurrentOnly>false</hideElementsInCurrentOnly>
<backgroundColor>-16777216</backgroundColor>
<lineWidth>1</lineWidth>
<centerLabel class="oracle.dbtools.crest.model.design.Label">
<site>1</site>
<labelBounds x="-409" y="-91" width="136" height="30"/>
<noBackgroundColor>true</noBackgroundColor>
<noForegroundColor>true</noForegroundColor>
</centerLabel>
<points>
<point x="961" y="346"/>
<point x="961" y="252"/>
</points>
</Connector>
<Connector class="oracle.dbtools.crest.swingui.relational.TVFKRelation" oid="A5866C8B-158F-F18D-8BBC-EB89A2811B35" otype="FKIndexAssociation" vid_source="74214937-3C18-0E45-7127-AD755D383139" vid_target="D8D3054B-3BF5-ECBB-AF5C-EE2AB83B62C3">
<hideElementsInCurrentOnly>false</hideElementsInCurrentOnly>
<backgroundColor>-16777216</backgroundColor>
<lineWidth>1</lineWidth>
<centerLabel class="oracle.dbtools.crest.model.design.Label">
<site>1</site>
<labelBounds x="-361" y="-91" width="120" height="30"/>
<noBackgroundColor>true</noBackgroundColor>
<noForegroundColor>true</noForegroundColor>
</centerLabel>
<points>
<point x="499" y="161"/>
<point x="322" y="329"/>
</points>
</Connector>
<Connector class="oracle.dbtools.crest.swingui.relational.TVFKRelation" oid="BA9C10E2-19FE-0EDF-AC67-074BC939A785" otype="FKIndexAssociation" vid_source="DBA2E64E-1D3D-A5B2-0EA0-03BC2BE265F0" vid_target="74214937-3C18-0E45-7127-AD755D383139">
<hideElementsInCurrentOnly>false</hideElementsInCurrentOnly>
<backgroundColor>-16777216</backgroundColor>
<lineWidth>1</lineWidth>
<centerLabel class="oracle.dbtools.crest.model.design.Label">
<site>1</site>
<labelBounds x="-355" y="-91" width="118" height="30"/>
<noBackgroundColor>true</noBackgroundColor>
<noForegroundColor>true</noForegroundColor>
</centerLabel>
<points>
<point x="270" y="97"/>
<point x="443" y="97"/>
</points>
</Connector>
<Connector class="oracle.dbtools.crest.swingui.relational.TVFKRelation" oid="BC0A99B7-0CF2-1DAA-78AF-057837826AC2" otype="FKIndexAssociation" vid_source="74214937-3C18-0E45-7127-AD755D383139" vid_target="AFE47F0E-A11F-D02E-959C-5668D0372F87">
<hideElementsInCurrentOnly>false</hideElementsInCurrentOnly>
<backgroundColor>-16777216</backgroundColor>
<lineWidth>1</lineWidth>
<centerLabel class="oracle.dbtools.crest.model.design.Label">
<site>1</site>
<labelBounds x="-355" y="-91" width="119" height="30"/>
<noBackgroundColor>true</noBackgroundColor>
<noForegroundColor>true</noForegroundColor>
</centerLabel>
<points>
<point x="690" y="97"/>
<point x="846" y="97"/>
</points>
</Connector>
<Connector class="oracle.dbtools.crest.swingui.relational.TVFKRelation" oid="D884359B-E073-5163-999F-84FD9D6C8ADA" otype="FKIndexAssociation" vid_source="74214937-3C18-0E45-7127-AD755D383139" vid_target="EF43B427-D03B-1BD5-320D-08ED4303AF2D">
<hideElementsInCurrentOnly>false</hideElementsInCurrentOnly>
<backgroundColor>-16777216</backgroundColor>
<lineWidth>1</lineWidth>
<centerLabel class="oracle.dbtools.crest.model.design.Label">
<site>1</site>
<labelBounds x="-379" y="-91" width="127" height="30"/>
<noBackgroundColor>true</noBackgroundColor>
<noForegroundColor>true</noForegroundColor>
</centerLabel>
<points>
<point x="643" y="161"/>
<point x="868" y="346"/>
</points>
</Connector>
</connectors>
</Diagram>