<?xml version = '1.0' encoding = 'UTF-8'?>
<Table class="oracle.dbtools.crest.model.design.relational.Table" directorySegmentName="seg_0" id="1085915F-0C0A-E7C4-EBEB-8194A7A2475B" name="INJERTO">
<createdBy>jbarr</createdBy>
<createdTime>2024-08-25 02:51:50 UTC</createdTime>
<generatorID>B9BD3720-2803-323F-BB8F-187589BD97F7</generatorID>
<ownerDesignName>S3</ownerDesignName>
<allowColumnReorder>false</allowColumnReorder>
<existDependencyGenerateInDDl>true</existDependencyGenerateInDDl>
<parsed>true</parsed>
<columns itemClass="oracle.dbtools.crest.model.design.relational.Column">
<Column name="id_injerto" id="6F974862-2ECE-8AD1-63EE-0922FD564F23">
<createdBy>jbarr</createdBy>
<createdTime>2024-08-25 02:51:50 UTC</createdTime>
<generatorID>567B69C0-623A-17DF-B533-F4531F5CD6B4</generatorID>
<ownerDesignName>S3</ownerDesignName>
<useDomainConstraints>false</useDomainConstraints>
<use>1</use>
<logicalDatatype>LOGDT019</logicalDatatype>
<dataTypePrecision>10</dataTypePrecision>
<ownDataTypeParameters>,10,</ownDataTypeParameters>
<autoIncrementCycle>false</autoIncrementCycle>
</Column>
<Column name="ARBOL_id_arbol" id="35139CF5-DF15-9D20-095C-F71FFAC1F7F0">
<createdBy>jbarr</createdBy>
<createdTime>2024-08-25 02:51:50 UTC</createdTime>
<generatorID>1A44CA43-3703-F257-3DB5-20CAEC0A4FA3</generatorID>
<ownerDesignName>S3</ownerDesignName>
<useDomainConstraints>false</useDomainConstraints>
<use>1</use>
<logicalDatatype>LOGDT019</logicalDatatype>
<dataTypePrecision>20</dataTypePrecision>
<ownDataTypeParameters>,,</ownDataTypeParameters>
<previousColumn>false</previousColumn>
<autoIncrementCycle>false</autoIncrementCycle>
<associations>
<colAssociation fkAssociation="BC0A99B7-0CF2-1DAA-78AF-057837826AC2" referredColumn="ACF5A589-1F2D-6C43-4554-9AB6FB547977"/>
</associations>
</Column>
<Column name="ESPECIE_id_especie" id="D5A5DE9C-9C44-E72A-03AB-5E69E9BEE5FD">
<createdBy>jbarr</createdBy>
<createdTime>2024-08-25 02:51:50 UTC</createdTime>
<generatorID>E0393676-4C47-3B0E-A3D7-E471B089CEC3</generatorID>
<ownerDesignName>S3</ownerDesignName>
<useDomainConstraints>false</useDomainConstraints>
<use>1</use>
<logicalDatatype>LOGDT019</logicalDatatype>
<dataTypePrecision>10</dataTypePrecision>
<ownDataTypeParameters>,,</ownDataTypeParameters>
<previousColumn>false</previousColumn>
<autoIncrementCycle>false</autoIncrementCycle>
<associations>
<colAssociation fkAssociation="1BD86EF9-4F12-9B78-6E39-B240CC8CEC08" referredColumn="D9785E6E-4CAA-52BD-1108-53DBA31A637F"/>
</associations>
</Column>
<Column name="VARIEDAD_id_variedad" id="9A987C71-8C98-9EC1-0843-00E8F79FF7AB">
<createdBy>jbarr</createdBy>
<createdTime>2024-08-25 02:51:50 UTC</createdTime>
<generatorID>04B16F33-4CDF-5DAA-415A-FA0EA20D5B18</generatorID>
<ownerDesignName>S3</ownerDesignName>
<useDomainConstraints>false</useDomainConstraints>
<use>1</use>
<logicalDatatype>LOGDT019</logicalDatatype>
<dataTypePrecision>10</dataTypePrecision>
<ownDataTypeParameters>,,</ownDataTypeParameters>
<previousColumn>false</previousColumn>
<autoIncrementCycle>false</autoIncrementCycle>
<associations>
<colAssociation fkAssociation="65EE1744-2068-E951-A5E3-606166D3D8B2" referredColumn="6999EE1F-5C2A-E949-E45A-AFB661F9E669"/>
</associations>
</Column>
<Column name="VARIEDAD_ARBOL_id_arbol" id="E0F8079A-2A3C-619D-B25A-C58520D47027">
<createdBy>jbarr</createdBy>
<createdTime>2024-08-25 02:51:50 UTC</createdTime>
<generatorID>1F7FBBA2-0A64-5BE6-AF82-3AAC859A9E29</generatorID>
<ownerDesignName>S3</ownerDesignName>
<useDomainConstraints>false</useDomainConstraints>
<use>1</use>
<logicalDatatype>LOGDT019</logicalDatatype>
<dataTypePrecision>20</dataTypePrecision>
<ownDataTypeParameters>,,</ownDataTypeParameters>
<previousColumn>false</previousColumn>
<autoIncrementCycle>false</autoIncrementCycle>
<associations>
<colAssociation fkAssociation="65EE1744-2068-E951-A5E3-606166D3D8B2" referredColumn="15A19C2D-7F97-2C40-B566-2413CD141106"/>
</associations>
</Column>
<Column name="id_arbol2" id="F54E20C9-9D11-B727-B7A1-3ED8D39C79B7">
<createdBy>jbarr</createdBy>
<createdTime>2024-08-25 03:58:49 UTC</createdTime>
<generatorID>B5C7A131-42D2-E80A-92AE-FD9CE5D08D98</generatorID>
<ownerDesignName>S3</ownerDesignName>
<useDomainConstraints>false</useDomainConstraints>
<use>1</use>
<logicalDatatype>LOGDT019</logicalDatatype>
<dataTypePrecision>20</dataTypePrecision>
<ownDataTypeParameters>,,</ownDataTypeParameters>
<previousColumn>false</previousColumn>
<autoIncrementCycle>false</autoIncrementCycle>
<associations>
<colAssociation fkAssociation="1BD86EF9-4F12-9B78-6E39-B240CC8CEC08" referredColumn="193EF3A3-E1B4-8AC2-335B-262BA5B3276E"/>
</associations>
</Column>
</columns>
<indexes itemClass="oracle.dbtools.crest.model.design.relational.Index">
<ind_PK_UK id="8FA6E64C-151A-3B66-379F-0D5CFDA9BD99" name="INJERTO_PK">
<createdBy>jbarr</createdBy>
<createdTime>2024-08-25 02:51:50 UTC</createdTime>
<generatorID>196BAF11-0CB3-F265-67D9-365509B96464</generatorID>
<ownerDesignName>S3</ownerDesignName>
<pk>true</pk>
<indexState>Primary Constraint</indexState>
<isSurrogateKey>false</isSurrogateKey>
<indexColumnUsage>
<colUsage columnID="6F974862-2ECE-8AD1-63EE-0922FD564F23"/>
</indexColumnUsage>
</ind_PK_UK>
<ind_PK_UK id="5FB3F1D5-D034-D0D4-6DB6-862B350811B0" name="INJERTO__IDX">
<createdBy>jbarr</createdBy>
<createdTime>2024-08-25 02:51:50 UTC</createdTime>
<ownerDesignName>S3</ownerDesignName>
<indexState>Unique Plain Index</indexState>
<isSurrogateKey>false</isSurrogateKey>
<relationGeneratorID>3B396D0C-2F0C-8CE0-B451-2181164BDAD0</relationGeneratorID>
<indexColumnUsage>
<colUsage columnID="9A987C71-8C98-9EC1-0843-00E8F79FF7AB"/>
<colUsage columnID="E0F8079A-2A3C-619D-B25A-C58520D47027"/>
</indexColumnUsage>
</ind_PK_UK>
<ind_PK_UK id="B7231D19-094E-02D4-BCDB-D5B251C1D59B" name="INJERTO__IDXv1">
<createdBy>jbarr</createdBy>
<createdTime>2024-08-25 02:51:50 UTC</createdTime>
<ownerDesignName>S3</ownerDesignName>
<indexState>Unique Plain Index</indexState>
<isSurrogateKey>false</isSurrogateKey>
<relationGeneratorID>3DDC0C93-58B8-DBB3-FA19-653D3C494AC5</relationGeneratorID>
<indexColumnUsage>
<colUsage columnID="D5A5DE9C-9C44-E72A-03AB-5E69E9BEE5FD"/>
</indexColumnUsage>
</ind_PK_UK>
<ind_PK_UK id="2FD7F31F-4667-CE6A-7553-EFDC40EE1C10" name="INJERTO__IDXv2">
<createdBy>jbarr</createdBy>
<createdTime>2024-08-25 04:00:17 UTC</createdTime>
<ownerDesignName>S3</ownerDesignName>
<indexState>Unique Plain Index</indexState>
<isSurrogateKey>false</isSurrogateKey>
<relationGeneratorID>3DDC0C93-58B8-DBB3-FA19-653D3C494AC5</relationGeneratorID>
<indexColumnUsage>
<colUsage columnID="D5A5DE9C-9C44-E72A-03AB-5E69E9BEE5FD"/>
<colUsage columnID="F54E20C9-9D11-B727-B7A1-3ED8D39C79B7"/>
</indexColumnUsage>
</ind_PK_UK>
<ind_PK_UK id="5F0D3D76-2111-F6E8-9BFC-46BB21660387" name="INJERTO_ARBOL_FK">
<createdBy>jbarr</createdBy>
<createdTime>2024-08-25 02:51:50 UTC</createdTime>
<generatorID>453E5853-A11E-3A2F-9989-49B1213E7D82</generatorID>
<ownerDesignName>S3</ownerDesignName>
<indexState>Foreign Key</indexState>
<isSurrogateKey>false</isSurrogateKey>
<indexColumnUsage>
<colUsage columnID="35139CF5-DF15-9D20-095C-F71FFAC1F7F0"/>
</indexColumnUsage>
</ind_PK_UK>
<ind_PK_UK id="3EDC822D-140E-55B5-9451-2189BDAF65B1" name="INJERTO_VARIEDAD_FK">
<createdBy>jbarr</createdBy>
<createdTime>2024-08-25 02:51:50 UTC</createdTime>
<generatorID>3B396D0C-2F0C-8CE0-B451-2181164BDAD0</generatorID>
<ownerDesignName>S3</ownerDesignName>
<indexState>Foreign Key</indexState>
<isSurrogateKey>false</isSurrogateKey>
<indexColumnUsage>
<colUsage columnID="9A987C71-8C98-9EC1-0843-00E8F79FF7AB"/>
<colUsage columnID="E0F8079A-2A3C-619D-B25A-C58520D47027"/>
</indexColumnUsage>
</ind_PK_UK>
<ind_PK_UK id="76E886F4-A95B-2749-B071-FCF079955779" name="INJERTO_ESPECIE_FK">
<createdBy>jbarr</createdBy>
<createdTime>2024-08-25 02:51:50 UTC</createdTime>
<generatorID>3DDC0C93-58B8-DBB3-FA19-653D3C494AC5</generatorID>
<ownerDesignName>S3</ownerDesignName>
<indexState>Foreign Key</indexState>
<isSurrogateKey>false</isSurrogateKey>
<indexColumnUsage>
<colUsage columnID="D5A5DE9C-9C44-E72A-03AB-5E69E9BEE5FD"/>
<colUsage columnID="F54E20C9-9D11-B727-B7A1-3ED8D39C79B7"/>
</indexColumnUsage>
</ind_PK_UK>
</indexes>
</Table>