<?xml version = '1.0' encoding = 'UTF-8'?>
<Table class="oracle.dbtools.crest.model.design.relational.Table" directorySegmentName="seg_0" id="14316200-9721-6DBC-712B-AD920BF2E9A7" name="VARIEDAD">
<createdBy>jbarr</createdBy>
<createdTime>2024-08-25 02:51:50 UTC</createdTime>
<generatorID>98CC4773-6CD1-F23B-1C4C-C40CA5ECAF86</generatorID>
<ownerDesignName>S3</ownerDesignName>
<allowColumnReorder>false</allowColumnReorder>
<existDependencyGenerateInDDl>true</existDependencyGenerateInDDl>
<parsed>true</parsed>
<columns itemClass="oracle.dbtools.crest.model.design.relational.Column">
<Column name="id_variedad" id="6999EE1F-5C2A-E949-E45A-AFB661F9E669">
<createdBy>jbarr</createdBy>
<createdTime>2024-08-25 02:51:50 UTC</createdTime>
<generatorID>318205B1-4634-9104-17CF-83CE2243B60A</generatorID>
<ownerDesignName>S3</ownerDesignName>
<useDomainConstraints>false</useDomainConstraints>
<use>1</use>
<logicalDatatype>LOGDT019</logicalDatatype>
<dataTypePrecision>10</dataTypePrecision>
<ownDataTypeParameters>,10,</ownDataTypeParameters>
<autoIncrementCycle>false</autoIncrementCycle>
</Column>
<Column name="nombre_variedad" id="E83FEC44-F3F1-2989-71EF-7A552B3601EF">
<createdBy>jbarr</createdBy>
<createdTime>2024-08-25 02:51:50 UTC</createdTime>
<generatorID>ADA62D17-CE82-1426-D596-8407A5F4CD8A</generatorID>
<ownerDesignName>S3</ownerDesignName>
<useDomainConstraints>false</useDomainConstraints>
<use>1</use>
<logicalDatatype>LOGDT024</logicalDatatype>
<dataTypeSize>20 BYTE</dataTypeSize>
<ownDataTypeParameters>20 BYTE,,</ownDataTypeParameters>
<autoIncrementCycle>false</autoIncrementCycle>
</Column>
<Column name="ARBOL_id_arbol" id="15A19C2D-7F97-2C40-B566-2413CD141106">
<createdBy>jbarr</createdBy>
<createdTime>2024-08-25 02:51:50 UTC</createdTime>
<generatorID>B8EAD415-D4CF-4571-142E-4C48733C9DB7</generatorID>
<ownerDesignName>S3</ownerDesignName>
<useDomainConstraints>false</useDomainConstraints>
<use>1</use>
<logicalDatatype>LOGDT019</logicalDatatype>
<dataTypePrecision>20</dataTypePrecision>
<ownDataTypeParameters>,,</ownDataTypeParameters>
<previousColumn>false</previousColumn>
<autoIncrementCycle>false</autoIncrementCycle>
<associations>
<colAssociation fkAssociation="D884359B-E073-5163-999F-84FD9D6C8ADA" referredColumn="ACF5A589-1F2D-6C43-4554-9AB6FB547977"/>
</associations>
</Column>
</columns>
<indexes itemClass="oracle.dbtools.crest.model.design.relational.Index">
<ind_PK_UK id="44CC0CBD-B13A-FF96-50B6-BDBC74F60A09" name="VARIEDAD_PK">
<createdBy>jbarr</createdBy>
<createdTime>2024-08-25 02:51:50 UTC</createdTime>
<generatorID>4A957BA1-1EE1-2E8B-1932-6CE8AAB4D1AC</generatorID>
<ownerDesignName>S3</ownerDesignName>
<pk>true</pk>
<indexState>Primary Constraint</indexState>
<isSurrogateKey>false</isSurrogateKey>
<indexColumnUsage>
<colUsage columnID="6999EE1F-5C2A-E949-E45A-AFB661F9E669"/>
<colUsage columnID="15A19C2D-7F97-2C40-B566-2413CD141106"/>
</indexColumnUsage>
</ind_PK_UK>
<ind_PK_UK id="99A3DA4F-000E-C6D4-E259-F49B3B1459D2" name="VARIEDAD_ARBOL_FK">
<createdBy>jbarr</createdBy>
<createdTime>2024-08-25 02:51:50 UTC</createdTime>
<generatorID>630212AE-CF22-7C7B-618B-1A028FE5011F</generatorID>
<ownerDesignName>S3</ownerDesignName>
<indexState>Foreign Key</indexState>
<isSurrogateKey>false</isSurrogateKey>
<indexColumnUsage>
<colUsage columnID="15A19C2D-7F97-2C40-B566-2413CD141106"/>
</indexColumnUsage>
</ind_PK_UK>
</indexes>
</Table>