<?xml version = '1.0' encoding = 'UTF-8'?>
<Table class="oracle.dbtools.crest.model.design.relational.Table" directorySegmentName="seg_0" id="77B487A8-8BD2-A44C-40E8-86A0502A8137" name="HUERTO">
<createdBy>jbarr</createdBy>
<createdTime>2024-08-25 02:51:50 UTC</createdTime>
<generatorID>E69C4390-4010-DF41-BC75-7FA185C454CA</generatorID>
<ownerDesignName>S3</ownerDesignName>
<allowColumnReorder>false</allowColumnReorder>
<existDependencyGenerateInDDl>true</existDependencyGenerateInDDl>
<parsed>true</parsed>
<columns itemClass="oracle.dbtools.crest.model.design.relational.Column">
<Column name="id_huerto" id="A1CF538D-D50F-0855-5254-11D0ACB7D0E6">
<createdBy>jbarr</createdBy>
<createdTime>2024-08-25 02:51:50 UTC</createdTime>
<generatorID>C9114BDE-E1F0-7BA6-FAC5-54BA6EE8077E</generatorID>
<ownerDesignName>S3</ownerDesignName>
<useDomainConstraints>false</useDomainConstraints>
<use>1</use>
<logicalDatatype>LOGDT019</logicalDatatype>
<dataTypePrecision>20</dataTypePrecision>
<dataTypeScale>10</dataTypeScale>
<ownDataTypeParameters>,20,10</ownDataTypeParameters>
<autoIncrementCycle>false</autoIncrementCycle>
</Column>
<Column name="nombre_huerto" id="4AF653A2-FA68-1463-423B-B1B0085A9DC0">
<createdBy>jbarr</createdBy>
<createdTime>2024-08-25 02:51:50 UTC</createdTime>
<generatorID>0D3E0291-E8E6-66E1-9192-80A31B985225</generatorID>
<ownerDesignName>S3</ownerDesignName>
<useDomainConstraints>false</useDomainConstraints>
<use>1</use>
<logicalDatatype>LOGDT024</logicalDatatype>
<dataTypeSize>20 BYTE</dataTypeSize>
<ownDataTypeParameters>20 BYTE,,</ownDataTypeParameters>
<autoIncrementCycle>false</autoIncrementCycle>
</Column>
<Column name="area_huerto" id="E2F3BE4E-DE07-3EED-5F6E-232B3FB48142">
<createdBy>jbarr</createdBy>
<createdTime>2024-08-25 02:51:50 UTC</createdTime>
<generatorID>EA9C0115-6FE9-3B71-9597-337B8ED452B2</generatorID>
<ownerDesignName>S3</ownerDesignName>
<useDomainConstraints>false</useDomainConstraints>
<use>1</use>
<logicalDatatype>LOGDT019</logicalDatatype>
<dataTypePrecision>20</dataTypePrecision>
<dataTypeScale>10</dataTypeScale>
<ownDataTypeParameters>,20,10</ownDataTypeParameters>
<autoIncrementCycle>false</autoIncrementCycle>
</Column>
<Column name="DUEÑO_id_dueño" id="1D4DE141-6085-778A-DCC4-E07EDD21B409">
<createdBy>jbarr</createdBy>
<createdTime>2024-08-25 02:56:51 UTC</createdTime>
<generatorID>D69A20E5-35D1-6624-3F6E-C0FF38BD8880</generatorID>
<ownerDesignName>S3</ownerDesignName>
<useDomainConstraints>false</useDomainConstraints>
<use>1</use>
<logicalDatatype>LOGDT019</logicalDatatype>
<dataTypePrecision>10</dataTypePrecision>
<ownDataTypeParameters>,,</ownDataTypeParameters>
<previousColumn>false</previousColumn>
<autoIncrementCycle>false</autoIncrementCycle>
<associations>
<colAssociation fkAssociation="3628CB29-FB4D-BCDC-964C-17D625B7C1DA" referredColumn="D988D162-3561-F7EC-A1B4-4350FEC88642"/>
</associations>
</Column>
</columns>
<indexes itemClass="oracle.dbtools.crest.model.design.relational.Index">
<ind_PK_UK id="B130A2B6-A508-DC4D-2A7D-C831835E59DD" name="HUERTO_PK">
<createdBy>jbarr</createdBy>
<createdTime>2024-08-25 02:51:50 UTC</createdTime>
<generatorID>40805DB7-B418-99F0-0A0E-310BAC78234D</generatorID>
<ownerDesignName>S3</ownerDesignName>
<pk>true</pk>
<indexState>Primary Constraint</indexState>
<isSurrogateKey>false</isSurrogateKey>
<indexColumnUsage>
<colUsage columnID="A1CF538D-D50F-0855-5254-11D0ACB7D0E6"/>
</indexColumnUsage>
</ind_PK_UK>
<ind_PK_UK id="8B4EAD76-7E3B-7E7B-07E4-666AE7EC45E1" name="HUERTO_DUEÑO_FK">
<createdBy>jbarr</createdBy>
<createdTime>2024-08-25 02:56:51 UTC</createdTime>
<generatorID>7377655E-9B5D-CDD7-A3A0-95C53124C0D8</generatorID>
<ownerDesignName>S3</ownerDesignName>
<indexState>Foreign Key</indexState>
<isSurrogateKey>false</isSurrogateKey>
<indexColumnUsage>
<colUsage columnID="1D4DE141-6085-778A-DCC4-E07EDD21B409"/>
</indexColumnUsage>
</ind_PK_UK>
</indexes>
</Table>