<?xml version = '1.0' encoding = 'UTF-8'?>
<Table class="oracle.dbtools.crest.model.design.relational.Table" directorySegmentName="seg_0" id="ACEF95BB-6BA2-E51B-FB46-19F42ED765EB" name="ESPECIE">
<createdBy>jbarr</createdBy>
<createdTime>2024-08-25 02:51:50 UTC</createdTime>
<generatorID>2B6E61E2-B9D5-C704-4E36-269FC7708321</generatorID>
<ownerDesignName>S3</ownerDesignName>
<allowColumnReorder>false</allowColumnReorder>
<existDependencyGenerateInDDl>true</existDependencyGenerateInDDl>
<parsed>true</parsed>
<columns itemClass="oracle.dbtools.crest.model.design.relational.Column">
<Column name="id_especie" id="D9785E6E-4CAA-52BD-1108-53DBA31A637F">
<createdBy>jbarr</createdBy>
<createdTime>2024-08-25 02:51:50 UTC</createdTime>
<generatorID>890D0CCE-9B47-98A0-1C03-22E9E205D007</generatorID>
<ownerDesignName>S3</ownerDesignName>
<useDomainConstraints>false</useDomainConstraints>
<use>1</use>
<logicalDatatype>LOGDT019</logicalDatatype>
<dataTypePrecision>10</dataTypePrecision>
<ownDataTypeParameters>,10,</ownDataTypeParameters>
<autoIncrementCycle>false</autoIncrementCycle>
</Column>
<Column name="nombre_especie" id="1D826FC4-B97D-E0F1-FF46-FAB0765F227D">
<createdBy>jbarr</createdBy>
<createdTime>2024-08-25 02:51:50 UTC</createdTime>
<generatorID>5CEB05AC-67E9-8B61-1EDC-AA1630C4398E</generatorID>
<ownerDesignName>S3</ownerDesignName>
<useDomainConstraints>false</useDomainConstraints>
<use>1</use>
<logicalDatatype>LOGDT024</logicalDatatype>
<dataTypeSize>20 BYTE</dataTypeSize>
<ownDataTypeParameters>20 BYTE,,</ownDataTypeParameters>
<autoIncrementCycle>false</autoIncrementCycle>
</Column>
<Column name="ARBOL_id_arbol" id="193EF3A3-E1B4-8AC2-335B-262BA5B3276E">
<createdBy>jbarr</createdBy>
<createdTime>2024-08-25 02:51:50 UTC</createdTime>
<generatorID>5E0B3569-C082-BD7A-EE71-A765DC6826A3</generatorID>
<ownerDesignName>S3</ownerDesignName>
<useDomainConstraints>false</useDomainConstraints>
<use>1</use>
<logicalDatatype>LOGDT019</logicalDatatype>
<dataTypePrecision>20</dataTypePrecision>
<ownDataTypeParameters>,,</ownDataTypeParameters>
<previousColumn>false</previousColumn>
<autoIncrementCycle>false</autoIncrementCycle>
<associations>
<colAssociation fkAssociation="A5866C8B-158F-F18D-8BBC-EB89A2811B35" referredColumn="ACF5A589-1F2D-6C43-4554-9AB6FB547977"/>
</associations>
</Column>
</columns>
<indexes itemClass="oracle.dbtools.crest.model.design.relational.Index">
<ind_PK_UK id="A3E6F5BE-2A12-9671-D3FD-535C902964B9" name="ESPECIE_PK">
<createdBy>jbarr</createdBy>
<createdTime>2024-08-25 02:51:50 UTC</createdTime>
<generatorID>091C0C37-414F-8D63-39C0-DE40F8A76751</generatorID>
<ownerDesignName>S3</ownerDesignName>
<pk>true</pk>
<indexState>Primary Constraint</indexState>
<isSurrogateKey>false</isSurrogateKey>
<indexColumnUsage>
<colUsage columnID="D9785E6E-4CAA-52BD-1108-53DBA31A637F"/>
<colUsage columnID="193EF3A3-E1B4-8AC2-335B-262BA5B3276E"/>
</indexColumnUsage>
</ind_PK_UK>
<ind_PK_UK id="0C374143-F148-9036-56AE-CBF1F7DA5CED" name="ESPECIE_ARBOL_FK">
<createdBy>jbarr</createdBy>
<createdTime>2024-08-25 02:51:50 UTC</createdTime>
<generatorID>9D326600-6725-6216-1A6E-907DF396BD7D</generatorID>
<ownerDesignName>S3</ownerDesignName>
<indexState>Foreign Key</indexState>
<isSurrogateKey>false</isSurrogateKey>
<indexColumnUsage>
<colUsage columnID="193EF3A3-E1B4-8AC2-335B-262BA5B3276E"/>
</indexColumnUsage>
</ind_PK_UK>
</indexes>
</Table>