<?xml version = '1.0' encoding = 'UTF-8'?>
<Table class="oracle.dbtools.crest.model.design.relational.Table" directorySegmentName="seg_0" id="B50A8BDE-49E6-5F1D-E29C-9085EB2A78B2" name="Relation_8">
<createdBy>jbarr</createdBy>
<createdTime>2024-08-25 03:59:11 UTC</createdTime>
<ownerDesignName>S3</ownerDesignName>
<allowColumnReorder>false</allowColumnReorder>
<existDependencyGenerateInDDl>true</existDependencyGenerateInDDl>
<parsed>true</parsed>
<columns itemClass="oracle.dbtools.crest.model.design.relational.Column">
<Column name="ESPECIE_id_especie" id="9388225D-1CE8-6EF4-20BE-31B26E9AE289">
<createdBy>jbarr</createdBy>
<createdTime>2024-08-25 03:59:11 UTC</createdTime>
<ownerDesignName>S3</ownerDesignName>
<useDomainConstraints>false</useDomainConstraints>
<use>1</use>
<logicalDatatype>LOGDT019</logicalDatatype>
<dataTypePrecision>10</dataTypePrecision>
<ownDataTypeParameters>,,</ownDataTypeParameters>
<previousColumn>false</previousColumn>
<autoIncrementCycle>false</autoIncrementCycle>
<associations>
<colAssociation fkAssociation="509A5DB0-C61A-D25A-ED18-B241DF5C74EE" referredColumn="D9785E6E-4CAA-52BD-1108-53DBA31A637F"/>
</associations>
</Column>
<Column name="VARIEDAD_id_variedad" id="419A1E26-3171-C0AE-13F6-07154029840B">
<createdBy>jbarr</createdBy>
<createdTime>2024-08-25 03:59:11 UTC</createdTime>
<ownerDesignName>S3</ownerDesignName>
<useDomainConstraints>false</useDomainConstraints>
<use>1</use>
<logicalDatatype>LOGDT019</logicalDatatype>
<dataTypePrecision>10</dataTypePrecision>
<ownDataTypeParameters>,,</ownDataTypeParameters>
<previousColumn>false</previousColumn>
<autoIncrementCycle>false</autoIncrementCycle>
<associations>
<colAssociation fkAssociation="3220A9BE-9292-E602-DF66-929DE7BFC351" referredColumn="6999EE1F-5C2A-E949-E45A-AFB661F9E669"/>
</associations>
</Column>
<Column name="VARIEDAD_ARBOL_id_arbol" id="41260121-38AB-EC8B-35DE-3813574C03FB">
<createdBy>jbarr</createdBy>
<createdTime>2024-08-25 03:59:11 UTC</createdTime>
<ownerDesignName>S3</ownerDesignName>
<useDomainConstraints>false</useDomainConstraints>
<use>1</use>
<logicalDatatype>LOGDT019</logicalDatatype>
<dataTypePrecision>20</dataTypePrecision>
<ownDataTypeParameters>,,</ownDataTypeParameters>
<previousColumn>false</previousColumn>
<autoIncrementCycle>false</autoIncrementCycle>
<associations>
<colAssociation fkAssociation="3220A9BE-9292-E602-DF66-929DE7BFC351" referredColumn="15A19C2D-7F97-2C40-B566-2413CD141106"/>
</associations>
</Column>
<Column name="ESPECIE_ARBOL_id_arbol" id="6AC28B84-EFD9-14B5-E2A4-0291D5DB62F2">
<createdBy>jbarr</createdBy>
<createdTime>2024-08-25 04:00:17 UTC</createdTime>
<ownerDesignName>S3</ownerDesignName>
<nullsAllowed>true</nullsAllowed>
<useDomainConstraints>false</useDomainConstraints>
<use>1</use>
<logicalDatatype>LOGDT019</logicalDatatype>
<dataTypePrecision>20</dataTypePrecision>
<ownDataTypeParameters>,,</ownDataTypeParameters>
<previousColumn>false</previousColumn>
<autoIncrementCycle>false</autoIncrementCycle>
<associations>
<colAssociation fkAssociation="509A5DB0-C61A-D25A-ED18-B241DF5C74EE" referredColumn="193EF3A3-E1B4-8AC2-335B-262BA5B3276E"/>
</associations>
</Column>
</columns>
<indexes itemClass="oracle.dbtools.crest.model.design.relational.Index">
<ind_PK_UK id="6B8DF168-FC8D-9C09-2319-0FD583345AB0" name="Relation_8_PK">
<createdBy>jbarr</createdBy>
<createdTime>2024-08-25 03:59:11 UTC</createdTime>
<ownerDesignName>S3</ownerDesignName>
<pk>true</pk>
<indexState>Primary Constraint</indexState>
<isSurrogateKey>false</isSurrogateKey>
<indexColumnUsage>
<colUsage columnID="9388225D-1CE8-6EF4-20BE-31B26E9AE289"/>
<colUsage columnID="419A1E26-3171-C0AE-13F6-07154029840B"/>
<colUsage columnID="41260121-38AB-EC8B-35DE-3813574C03FB"/>
<colUsage columnID="6AC28B84-EFD9-14B5-E2A4-0291D5DB62F2"/>
</indexColumnUsage>
</ind_PK_UK>
<ind_PK_UK id="DB74904E-1363-A403-AC7A-6896940B5C50" name="Relation_8_ESPECIE_FK">
<createdBy>jbarr</createdBy>
<createdTime>2024-08-25 03:59:11 UTC</createdTime>
<generatorID>65E85C5C-BD1B-42A1-D7ED-D10587FBCFC0</generatorID>
<ownerDesignName>S3</ownerDesignName>
<indexState>Foreign Key</indexState>
<isSurrogateKey>false</isSurrogateKey>
<indexColumnUsage>
<colUsage columnID="9388225D-1CE8-6EF4-20BE-31B26E9AE289"/>
<colUsage columnID="6AC28B84-EFD9-14B5-E2A4-0291D5DB62F2"/>
</indexColumnUsage>
</ind_PK_UK>
<ind_PK_UK id="CF92891B-B11B-6F1C-0ECA-D3C3B213B60F" name="Relation_8_VARIEDAD_FK">
<createdBy>jbarr</createdBy>
<createdTime>2024-08-25 03:59:11 UTC</createdTime>
<generatorID>65E85C5C-BD1B-42A1-D7ED-D10587FBCFC0</generatorID>
<ownerDesignName>S3</ownerDesignName>
<indexState>Foreign Key</indexState>
<isSurrogateKey>false</isSurrogateKey>
<indexColumnUsage>
<colUsage columnID="419A1E26-3171-C0AE-13F6-07154029840B"/>
<colUsage columnID="41260121-38AB-EC8B-35DE-3813574C03FB"/>
</indexColumnUsage>
</ind_PK_UK>
</indexes>
</Table>