<?xml version = '1.0' encoding = 'UTF-8'?>
<Table class="oracle.dbtools.crest.model.design.relational.Table" directorySegmentName="seg_0" id="B768CC51-9DA8-3ACD-E3CC-7007015DE265" name="DUEÑO">
<createdBy>jbarr</createdBy>
<createdTime>2024-08-25 02:56:51 UTC</createdTime>
<generatorID>B4AE97E5-5E91-0D9C-C167-38934A29FD3B</generatorID>
<ownerDesignName>S3</ownerDesignName>
<allowColumnReorder>false</allowColumnReorder>
<existDependencyGenerateInDDl>true</existDependencyGenerateInDDl>
<parsed>true</parsed>
<columns itemClass="oracle.dbtools.crest.model.design.relational.Column">
<Column name="id_dueño" id="D988D162-3561-F7EC-A1B4-4350FEC88642">
<createdBy>jbarr</createdBy>
<createdTime>2024-08-25 02:56:51 UTC</createdTime>
<generatorID>0070169E-953E-AD75-F00F-68253C10E889</generatorID>
<ownerDesignName>S3</ownerDesignName>
<useDomainConstraints>false</useDomainConstraints>
<use>1</use>
<logicalDatatype>LOGDT019</logicalDatatype>
<dataTypePrecision>10</dataTypePrecision>
<ownDataTypeParameters>,10,</ownDataTypeParameters>
<autoIncrementCycle>false</autoIncrementCycle>
</Column>
<Column name="nombre_dueño_huerto" id="941CF1B3-69C6-DE41-DA6B-E0466A92D56E">
<createdBy>jbarr</createdBy>
<createdTime>2024-08-25 02:56:51 UTC</createdTime>
<generatorID>86A59889-64B8-AEE1-1591-A723ABCD5406</generatorID>
<ownerDesignName>S3</ownerDesignName>
<useDomainConstraints>false</useDomainConstraints>
<use>1</use>
<logicalDatatype>LOGDT024</logicalDatatype>
<dataTypeSize>20 BYTE</dataTypeSize>
<ownDataTypeParameters>20 BYTE,,</ownDataTypeParameters>
<autoIncrementCycle>false</autoIncrementCycle>
</Column>
</columns>
<indexes itemClass="oracle.dbtools.crest.model.design.relational.Index">
<ind_PK_UK id="64D14035-395C-CC67-E32F-D0120B0F46F8" name="DUEÑO_PK">
<createdBy>jbarr</createdBy>
<createdTime>2024-08-25 02:56:51 UTC</createdTime>
<generatorID>66BBEA83-C2E1-EBDB-27F8-D35F40452B46</generatorID>
<ownerDesignName>S3</ownerDesignName>
<pk>true</pk>
<indexState>Primary Constraint</indexState>
<isSurrogateKey>false</isSurrogateKey>
<indexColumnUsage>
<colUsage columnID="D988D162-3561-F7EC-A1B4-4350FEC88642"/>
</indexColumnUsage>
</ind_PK_UK>
</indexes>
</Table>