<?xml version = '1.0' encoding = 'UTF-8'?>
<Diagram class="oracle.dbtools.crest.swingui.logical.DPVLogical" name="Logical" id="01DE5985-E294-1AF8-E38B-3B9304C05B50">
<createdBy>jbarr</createdBy>
<modifiedBy>jbarr</modifiedBy>
<createdTime>2024-08-24 22:24:40 UTC</createdTime>
<autoRoute>false</autoRoute>
<boxInbox>true</boxInbox>
<showLegend>false</showLegend>
<showLabels>true</showLabels>
<showRelAttributes>false</showRelAttributes>
<gridEnabled>false</gridEnabled>
<showGrid>false</showGrid>
<diagramColor>-1</diagramColor>
<display>false</display>
<notation>1</notation>
<objectViews>
<OView class="oracle.dbtools.crest.swingui.logical.TVEntity" oid="2B6E61E2-B9D5-C704-4E36-269FC7708321" otype="Entity" vid="C300AFA5-7DFF-34D1-626F-0A4333AE51B7">
<hideElementsInCurrentOnly>false</hideElementsInCurrentOnly>
<bounds x="131" y="262" width="198" height="130"/>
</OView>
<OView class="oracle.dbtools.crest.swingui.logical.TVEntity" oid="98CC4773-6CD1-F23B-1C4C-C40CA5ECAF86" otype="Entity" vid="B61BAA84-33F7-8A00-8648-867504677163">
<hideElementsInCurrentOnly>false</hideElementsInCurrentOnly>
<bounds x="645" y="357" width="201" height="122"/>
</OView>
<OView class="oracle.dbtools.crest.swingui.logical.TVEntity" oid="B4AE97E5-5E91-0D9C-C167-38934A29FD3B" otype="Entity" vid="64172D7D-FCD5-DDAA-4307-934315D36288">
<hideElementsInCurrentOnly>false</hideElementsInCurrentOnly>
<bounds x="35" y="486" width="205" height="160"/>
</OView>
<OView class="oracle.dbtools.crest.swingui.logical.TVEntity" oid="B9BD3720-2803-323F-BB8F-187589BD97F7" otype="Entity" vid="2D8893A7-FD9C-9E01-C3D1-6428FD960C25">
<hideElementsInCurrentOnly>false</hideElementsInCurrentOnly>
<bounds x="730" y="26" width="179" height="123"/>
</OView>
<OView class="oracle.dbtools.crest.swingui.logical.TVEntity" oid="E69C4390-4010-DF41-BC75-7FA185C454CA" otype="Entity" vid="440CAF2B-0DD1-A5B6-2CB1-AC594F98EADA">
<hideElementsInCurrentOnly>false</hideElementsInCurrentOnly>
<bounds x="17" y="29" width="202" height="105"/>
</OView>
<OView class="oracle.dbtools.crest.swingui.logical.TVEntity" oid="F374F309-4890-979E-0982-9D2B29323D5F" otype="Entity" vid="639B36DE-E166-4BE3-833F-B99D51917A47">
<hideElementsInCurrentOnly>false</hideElementsInCurrentOnly>
<bounds x="342" y="34" width="229" height="105"/>
</OView>
</objectViews>
<connectors>
<Connector class="oracle.dbtools.crest.swingui.logical.TVRelation" oid="3775805F-4A85-500A-B3E4-9B899F3E4671" otype="Relation" vid_source="440CAF2B-0DD1-A5B6-2CB1-AC594F98EADA" vid_target="639B36DE-E166-4BE3-833F-B99D51917A47">
<hideElementsInCurrentOnly>false</hideElementsInCurrentOnly>
<backgroundColor>-16777216</backgroundColor>
<lineWidth>1</lineWidth>
<sourceLabel class="oracle.dbtools.crest.model.design.Label">
<site>0</site>
<labelBounds x="229" y="54" width="43" height="30"/>
<noBackgroundColor>true</noBackgroundColor>
<noForegroundColor>true</noForegroundColor>
</sourceLabel>
<targetLabel class="oracle.dbtools.crest.model.design.Label">
<site>2</site>
<labelBounds x="272" y="87" width="64" height="30"/>
<noBackgroundColor>true</noBackgroundColor>
<noForegroundColor>true</noForegroundColor>
</targetLabel>
<points>
<point x="219" y="84"/>
<point x="306" y="103"/>
</points>
</Connector>
<Connector class="oracle.dbtools.crest.swingui.logical.TVRelation" oid="3B396D0C-2F0C-8CE0-B451-2181164BDAD0" otype="Relation" vid_source="2D8893A7-FD9C-9E01-C3D1-6428FD960C25" vid_target="B61BAA84-33F7-8A00-8648-867504677163">
<hideElementsInCurrentOnly>false</hideElementsInCurrentOnly>
<backgroundColor>-16777216</backgroundColor>
<lineWidth>1</lineWidth>
<sourceLabel class="oracle.dbtools.crest.model.design.Label">
<site>0</site>
<labelBounds x="788" y="193" width="39" height="30"/>
<noBackgroundColor>true</noBackgroundColor>
<noForegroundColor>true</noForegroundColor>
</sourceLabel>
<targetLabel class="oracle.dbtools.crest.model.design.Label">
<site>2</site>
<labelBounds x="788" y="321" width="73" height="30"/>
<noBackgroundColor>true</noBackgroundColor>
<noForegroundColor>true</noForegroundColor>
</targetLabel>
<points>
<point x="788" y="149"/>
<point x="788" y="357"/>
</points>
</Connector>
<Connector class="oracle.dbtools.crest.swingui.logical.TVRelation" oid="3DDC0C93-58B8-DBB3-FA19-653D3C494AC5" otype="Relation" vid_source="2D8893A7-FD9C-9E01-C3D1-6428FD960C25" vid_target="C300AFA5-7DFF-34D1-626F-0A4333AE51B7">
<hideElementsInCurrentOnly>false</hideElementsInCurrentOnly>
<backgroundColor>-16777216</backgroundColor>
<lineWidth>1</lineWidth>
<sourceLabel class="oracle.dbtools.crest.model.design.Label">
<site>0</site>
<labelBounds x="685" y="123" width="39" height="30"/>
<noBackgroundColor>true</noBackgroundColor>
<noForegroundColor>true</noForegroundColor>
</sourceLabel>
<targetLabel class="oracle.dbtools.crest.model.design.Label">
<site>2</site>
<labelBounds x="339" y="286" width="73" height="30"/>
<noBackgroundColor>true</noBackgroundColor>
<noForegroundColor>true</noForegroundColor>
</targetLabel>
<points>
<point x="730" y="123"/>
<point x="329" y="286"/>
</points>
</Connector>
<Connector class="oracle.dbtools.crest.swingui.logical.TVRelation" oid="453E5853-A11E-3A2F-9989-49B1213E7D82" otype="Relation" vid_source="639B36DE-E166-4BE3-833F-B99D51917A47" vid_target="2D8893A7-FD9C-9E01-C3D1-6428FD960C25">
<hideElementsInCurrentOnly>false</hideElementsInCurrentOnly>
<backgroundColor>-16777216</backgroundColor>
<lineWidth>1</lineWidth>
<sourceLabel class="oracle.dbtools.crest.model.design.Label">
<site>0</site>
<labelBounds x="581" y="54" width="73" height="32"/>
<noBackgroundColor>true</noBackgroundColor>
<noForegroundColor>true</noForegroundColor>
</sourceLabel>
<targetLabel class="oracle.dbtools.crest.model.design.Label">
<site>2</site>
<labelBounds x="645" y="89" width="79" height="30"/>
<noBackgroundColor>true</noBackgroundColor>
<noForegroundColor>true</noForegroundColor>
</targetLabel>
<points>
<point x="571" y="86"/>
<point x="730" y="86"/>
</points>
</Connector>
<Connector class="oracle.dbtools.crest.swingui.logical.TVRelation" oid="630212AE-CF22-7C7B-618B-1A028FE5011F" otype="Relation" vid_source="639B36DE-E166-4BE3-833F-B99D51917A47" vid_target="B61BAA84-33F7-8A00-8648-867504677163">
<hideElementsInCurrentOnly>false</hideElementsInCurrentOnly>
<backgroundColor>-16777216</backgroundColor>
<lineWidth>1</lineWidth>
<sourceLabel class="oracle.dbtools.crest.model.design.Label">
<site>0</site>
<labelBounds x="502" y="175" width="43" height="30"/>
<noBackgroundColor>true</noBackgroundColor>
<noForegroundColor>true</noForegroundColor>
</sourceLabel>
<targetLabel class="oracle.dbtools.crest.model.design.Label">
<site>2</site>
<labelBounds x="692" y="321" width="73" height="30"/>
<noBackgroundColor>true</noBackgroundColor>
<noForegroundColor>true</noForegroundColor>
</targetLabel>
<points>
<point x="502" y="139"/>
<point x="692" y="357"/>
</points>
</Connector>
<Connector class="oracle.dbtools.crest.swingui.logical.TVRelation" oid="65E85C5C-BD1B-42A1-D7ED-D10587FBCFC0" otype="Relation" vid_source="C300AFA5-7DFF-34D1-626F-0A4333AE51B7" vid_target="B61BAA84-33F7-8A00-8648-867504677163">
<hideElementsInCurrentOnly>false</hideElementsInCurrentOnly>
<backgroundColor>-16777216</backgroundColor>
<lineWidth>1</lineWidth>
<sourceLabel class="oracle.dbtools.crest.model.design.Label">
<site>0</site>
<labelBounds x="339" y="344" width="43" height="30"/>
<noBackgroundColor>true</noBackgroundColor>
<noForegroundColor>true</noForegroundColor>
</sourceLabel>
<targetLabel class="oracle.dbtools.crest.model.design.Label">
<site>2</site>
<labelBounds x="575" y="377" width="64" height="30"/>
<noBackgroundColor>true</noBackgroundColor>
<noForegroundColor>true</noForegroundColor>
</targetLabel>
<points>
<point x="329" y="374"/>
<point x="645" y="374"/>
</points>
</Connector>
<Connector class="oracle.dbtools.crest.swingui.logical.TVRelation" oid="7377655E-9B5D-CDD7-A3A0-95C53124C0D8" otype="Relation" vid_source="64172D7D-FCD5-DDAA-4307-934315D36288" vid_target="440CAF2B-0DD1-A5B6-2CB1-AC594F98EADA">
<hideElementsInCurrentOnly>false</hideElementsInCurrentOnly>
<backgroundColor>-16777216</backgroundColor>
<lineWidth>1</lineWidth>
<sourceLabel class="oracle.dbtools.crest.model.design.Label">
<site>0</site>
<labelBounds x="64" y="450" width="73" height="30"/>
<noBackgroundColor>true</noBackgroundColor>
<noForegroundColor>true</noForegroundColor>
</sourceLabel>
<targetLabel class="oracle.dbtools.crest.model.design.Label">
<site>2</site>
<labelBounds x="62" y="170" width="73" height="30"/>
<noBackgroundColor>true</noBackgroundColor>
<noForegroundColor>true</noForegroundColor>
</targetLabel>
<points>
<point x="64" y="486"/>
<point x="62" y="134"/>
</points>
</Connector>
<Connector class="oracle.dbtools.crest.swingui.logical.TVRelation" oid="9D326600-6725-6216-1A6E-907DF396BD7D" otype="Relation" vid_source="639B36DE-E166-4BE3-833F-B99D51917A47" vid_target="C300AFA5-7DFF-34D1-626F-0A4333AE51B7">
<hideElementsInCurrentOnly>false</hideElementsInCurrentOnly>
<backgroundColor>-16777216</backgroundColor>
<lineWidth>1</lineWidth>
<sourceLabel class="oracle.dbtools.crest.model.design.Label">
<site>0</site>
<labelBounds x="407" y="175" width="73" height="30"/>
<noBackgroundColor>true</noBackgroundColor>
<noForegroundColor>true</noForegroundColor>
</sourceLabel>
<targetLabel class="oracle.dbtools.crest.model.design.Label">
<site>2</site>
<labelBounds x="291" y="226" width="73" height="30"/>
<noBackgroundColor>true</noBackgroundColor>
<noForegroundColor>true</noForegroundColor>
</targetLabel>
<points>
<point x="407" y="139"/>
<point x="291" y="262"/>
</points>
</Connector>
</connectors>
</Diagram>