<?xml version = '1.0' encoding = 'UTF-8'?>
<Diagram class="oracle.dbtools.crest.swingui.logical.DPVLogicalSubView" name="Logical - SubView_1" id="15F7282A-55C0-779B-6958-7B24B1DC6D77">
<createdBy>jbarr</createdBy>
<modifiedBy>jbarr</modifiedBy>
<createdTime>2024-08-25 03:51:34 UTC</createdTime>
<autoRoute>false</autoRoute>
<boxInbox>true</boxInbox>
<showLegend>false</showLegend>
<showLabels>false</showLabels>
<showRelAttributes>false</showRelAttributes>
<gridEnabled>false</gridEnabled>
<showGrid>false</showGrid>
<diagramColor>-1</diagramColor>
<display>false</display>
<notation>1</notation>
<objectViews>
<OView class="oracle.dbtools.crest.swingui.logical.TVEntity" oid="B9BD3720-2803-323F-BB8F-187589BD97F7" otype="Entity" vid="84993EF8-6DBF-4F7B-9F98-8459CCDAA4CF">
<hideElementsInCurrentOnly>false</hideElementsInCurrentOnly>
<bounds x="730" y="26" width="179" height="123"/>
</OView>
</objectViews>
</Diagram>