<?xml version = '1.0' encoding = 'UTF-8'?>
<FKIndexAssociation class="oracle.dbtools.crest.model.design.relational.FKIndexAssociation" directorySegmentName="seg_0" id="1BD86EF9-4F12-9B78-6E39-B240CC8CEC08" containerWithKeyObject="1085915F-0C0A-E7C4-EBEB-8194A7A2475B" localFKIndex="76E886F4-A95B-2749-B071-FCF079955779" name="INJERTO_ESPECIE_FK">
<createdBy>jbarr</createdBy>
<createdTime>2024-08-25 02:51:50 UTC</createdTime>
<generatorID>3DDC0C93-58B8-DBB3-FA19-653D3C494AC5</generatorID>
<ownerDesignName>S3</ownerDesignName>
<referredTableLongName>ESPECIE</referredTableLongName>
<deleteRule>NO ACTION</deleteRule>
<referredTableID>ACEF95BB-6BA2-E51B-FB46-19F42ED765EB</referredTableID>
<keyObject>A3E6F5BE-2A12-9671-D3FD-535C902964B9</keyObject>
<referredKeyID>A3E6F5BE-2A12-9671-D3FD-535C902964B9</referredKeyID>
<mandatory>true</mandatory>
<refColNames>id_especie</refColNames>
<transferable>true</transferable>
<rely>false</rely>
<columnDependencyConstraintGenerateInDDL>true</columnDependencyConstraintGenerateInDDL>
</FKIndexAssociation>