<?xml version = '1.0' encoding = 'UTF-8'?>
<FKIndexAssociation class="oracle.dbtools.crest.model.design.relational.FKIndexAssociation" directorySegmentName="seg_0" id="3220A9BE-9292-E602-DF66-929DE7BFC351" containerWithKeyObject="B50A8BDE-49E6-5F1D-E29C-9085EB2A78B2" localFKIndex="CF92891B-B11B-6F1C-0ECA-D3C3B213B60F" name="Relation_8_VARIEDAD_FK">
<createdBy>jbarr</createdBy>
<createdTime>2024-08-25 03:59:11 UTC</createdTime>
<generatorID>65E85C5C-BD1B-42A1-D7ED-D10587FBCFC0</generatorID>
<ownerDesignName>S3</ownerDesignName>
<referredTableLongName>VARIEDAD</referredTableLongName>
<deleteRule>NO ACTION</deleteRule>
<referredTableID>14316200-9721-6DBC-712B-AD920BF2E9A7</referredTableID>
<keyObject>44CC0CBD-B13A-FF96-50B6-BDBC74F60A09</keyObject>
<referredKeyID>44CC0CBD-B13A-FF96-50B6-BDBC74F60A09</referredKeyID>
<mandatory>true</mandatory>
<refColNames>id_variedad,ARBOL_id_arbol</refColNames>
<transferable>true</transferable>
<rely>false</rely>
<columnDependencyConstraintGenerateInDDL>true</columnDependencyConstraintGenerateInDDL>
</FKIndexAssociation>