<?xml version = '1.0' encoding = 'UTF-8'?>
<FKIndexAssociation class="oracle.dbtools.crest.model.design.relational.FKIndexAssociation" directorySegmentName="seg_0" id="3628CB29-FB4D-BCDC-964C-17D625B7C1DA" containerWithKeyObject="77B487A8-8BD2-A44C-40E8-86A0502A8137" localFKIndex="8B4EAD76-7E3B-7E7B-07E4-666AE7EC45E1" name="HUERTO_DUEÑO_FK">
<createdBy>jbarr</createdBy>
<createdTime>2024-08-25 02:56:51 UTC</createdTime>
<generatorID>7377655E-9B5D-CDD7-A3A0-95C53124C0D8</generatorID>
<ownerDesignName>S3</ownerDesignName>
<referredTableLongName>DUEÑO</referredTableLongName>
<deleteRule>NO ACTION</deleteRule>
<referredTableID>B768CC51-9DA8-3ACD-E3CC-7007015DE265</referredTableID>
<keyObject>64D14035-395C-CC67-E32F-D0120B0F46F8</keyObject>
<referredKeyID>64D14035-395C-CC67-E32F-D0120B0F46F8</referredKeyID>
<mandatory>true</mandatory>
<refColNames>id_dueño</refColNames>
<transferable>true</transferable>
<rely>false</rely>
<columnDependencyConstraintGenerateInDDL>true</columnDependencyConstraintGenerateInDDL>
</FKIndexAssociation>