<?xml version = '1.0' encoding = 'UTF-8'?>
<FKIndexAssociation class="oracle.dbtools.crest.model.design.relational.FKIndexAssociation" directorySegmentName="seg_0" id="509A5DB0-C61A-D25A-ED18-B241DF5C74EE" containerWithKeyObject="B50A8BDE-49E6-5F1D-E29C-9085EB2A78B2" localFKIndex="DB74904E-1363-A403-AC7A-6896940B5C50" name="Relation_8_ESPECIE_FK">
<createdBy>jbarr</createdBy>
<createdTime>2024-08-25 03:59:11 UTC</createdTime>
<generatorID>65E85C5C-BD1B-42A1-D7ED-D10587FBCFC0</generatorID>
<ownerDesignName>S3</ownerDesignName>
<referredTableLongName>ESPECIE</referredTableLongName>
<deleteRule>NO ACTION</deleteRule>
<referredTableID>ACEF95BB-6BA2-E51B-FB46-19F42ED765EB</referredTableID>
<keyObject>A3E6F5BE-2A12-9671-D3FD-535C902964B9</keyObject>
<referredKeyID>A3E6F5BE-2A12-9671-D3FD-535C902964B9</referredKeyID>
<mandatory>true</mandatory>
<refColNames>id_especie,ARBOL_id_arbol</refColNames>
<transferable>true</transferable>
<rely>false</rely>
<columnDependencyConstraintGenerateInDDL>true</columnDependencyConstraintGenerateInDDL>
</FKIndexAssociation>