<?xml version = '1.0' encoding = 'UTF-8'?>
<FKIndexAssociation class="oracle.dbtools.crest.model.design.relational.FKIndexAssociation" directorySegmentName="seg_0" id="65EE1744-2068-E951-A5E3-606166D3D8B2" containerWithKeyObject="1085915F-0C0A-E7C4-EBEB-8194A7A2475B" localFKIndex="3EDC822D-140E-55B5-9451-2189BDAF65B1" name="INJERTO_VARIEDAD_FK">
<createdBy>jbarr</createdBy>
<createdTime>2024-08-25 02:51:50 UTC</createdTime>
<generatorID>3B396D0C-2F0C-8CE0-B451-2181164BDAD0</generatorID>
<ownerDesignName>S3</ownerDesignName>
<referredTableLongName>VARIEDAD</referredTableLongName>
<deleteRule>NO ACTION</deleteRule>
<referredTableID>14316200-9721-6DBC-712B-AD920BF2E9A7</referredTableID>
<keyObject>44CC0CBD-B13A-FF96-50B6-BDBC74F60A09</keyObject>
<referredKeyID>44CC0CBD-B13A-FF96-50B6-BDBC74F60A09</referredKeyID>
<mandatory>true</mandatory>
<refColNames>id_variedad,ARBOL_id_arbol</refColNames>
<transferable>true</transferable>
<rely>false</rely>
<columnDependencyConstraintGenerateInDDL>true</columnDependencyConstraintGenerateInDDL>
</FKIndexAssociation>