<?xml version = '1.0' encoding = 'UTF-8'?>
<FKIndexAssociation class="oracle.dbtools.crest.model.design.relational.FKIndexAssociation" directorySegmentName="seg_0" id="A5866C8B-158F-F18D-8BBC-EB89A2811B35" containerWithKeyObject="ACEF95BB-6BA2-E51B-FB46-19F42ED765EB" localFKIndex="0C374143-F148-9036-56AE-CBF1F7DA5CED" name="ESPECIE_ARBOL_FK">
<createdBy>jbarr</createdBy>
<createdTime>2024-08-25 02:51:50 UTC</createdTime>
<generatorID>9D326600-6725-6216-1A6E-907DF396BD7D</generatorID>
<ownerDesignName>S3</ownerDesignName>
<referredTableLongName>ARBOL</referredTableLongName>
<deleteRule>NO ACTION</deleteRule>
<referredTableID>AB0B1148-D8BB-89FC-8741-576C63A42464</referredTableID>
<keyObject>9DA4E980-5523-5BF7-EC3A-568141FD647C</keyObject>
<referredKeyID>9DA4E980-5523-5BF7-EC3A-568141FD647C</referredKeyID>
<mandatory>true</mandatory>
<refColNames>id_arbol</refColNames>
<transferable>true</transferable>
<rely>false</rely>
<columnDependencyConstraintGenerateInDDL>true</columnDependencyConstraintGenerateInDDL>
</FKIndexAssociation>