<?xml version = '1.0' encoding = 'UTF-8'?>
<FKIndexAssociation class="oracle.dbtools.crest.model.design.relational.FKIndexAssociation" directorySegmentName="seg_0" id="BA9C10E2-19FE-0EDF-AC67-074BC939A785" containerWithKeyObject="AB0B1148-D8BB-89FC-8741-576C63A42464" localFKIndex="3FE6EFCA-FD61-CA0C-5C03-86611DC1EEE8" name="ARBOL_HUERTO_FK">
<createdBy>jbarr</createdBy>
<createdTime>2024-08-25 02:51:50 UTC</createdTime>
<generatorID>3775805F-4A85-500A-B3E4-9B899F3E4671</generatorID>
<ownerDesignName>S3</ownerDesignName>
<referredTableLongName>HUERTO</referredTableLongName>
<deleteRule>NO ACTION</deleteRule>
<referredTableID>77B487A8-8BD2-A44C-40E8-86A0502A8137</referredTableID>
<keyObject>B130A2B6-A508-DC4D-2A7D-C831835E59DD</keyObject>
<referredKeyID>B130A2B6-A508-DC4D-2A7D-C831835E59DD</referredKeyID>
<mandatory>true</mandatory>
<refColNames>id_huerto</refColNames>
<transferable>true</transferable>
<rely>false</rely>
<columnDependencyConstraintGenerateInDDL>true</columnDependencyConstraintGenerateInDDL>
</FKIndexAssociation>