<?xml version = '1.0' encoding = 'UTF-8'?>
<FKIndexAssociation class="oracle.dbtools.crest.model.design.relational.FKIndexAssociation" directorySegmentName="seg_0" id="BC0A99B7-0CF2-1DAA-78AF-057837826AC2" containerWithKeyObject="1085915F-0C0A-E7C4-EBEB-8194A7A2475B" localFKIndex="5F0D3D76-2111-F6E8-9BFC-46BB21660387" name="INJERTO_ARBOL_FK">
<createdBy>jbarr</createdBy>
<createdTime>2024-08-25 02:51:50 UTC</createdTime>
<generatorID>453E5853-A11E-3A2F-9989-49B1213E7D82</generatorID>
<ownerDesignName>S3</ownerDesignName>
<referredTableLongName>ARBOL</referredTableLongName>
<deleteRule>NO ACTION</deleteRule>
<referredTableID>AB0B1148-D8BB-89FC-8741-576C63A42464</referredTableID>
<keyObject>9DA4E980-5523-5BF7-EC3A-568141FD647C</keyObject>
<referredKeyID>9DA4E980-5523-5BF7-EC3A-568141FD647C</referredKeyID>
<mandatory>true</mandatory>
<refColNames>id_arbol</refColNames>
<transferable>true</transferable>
<rely>false</rely>
<columnDependencyConstraintGenerateInDDL>true</columnDependencyConstraintGenerateInDDL>
</FKIndexAssociation>