<?xml version = '1.0' encoding = 'UTF-8'?>
<FKIndexAssociation class="oracle.dbtools.crest.model.design.relational.FKIndexAssociation" directorySegmentName="seg_0" id="D884359B-E073-5163-999F-84FD9D6C8ADA" containerWithKeyObject="14316200-9721-6DBC-712B-AD920BF2E9A7" localFKIndex="99A3DA4F-000E-C6D4-E259-F49B3B1459D2" name="VARIEDAD_ARBOL_FK">
<createdBy>jbarr</createdBy>
<createdTime>2024-08-25 02:51:50 UTC</createdTime>
<generatorID>630212AE-CF22-7C7B-618B-1A028FE5011F</generatorID>
<ownerDesignName>S3</ownerDesignName>
<referredTableLongName>ARBOL</referredTableLongName>
<deleteRule>NO ACTION</deleteRule>
<referredTableID>AB0B1148-D8BB-89FC-8741-576C63A42464</referredTableID>
<keyObject>9DA4E980-5523-5BF7-EC3A-568141FD647C</keyObject>
<referredKeyID>9DA4E980-5523-5BF7-EC3A-568141FD647C</referredKeyID>
<mandatory>true</mandatory>
<refColNames>id_arbol</refColNames>
<transferable>true</transferable>
<rely>false</rely>
<columnDependencyConstraintGenerateInDDL>true</columnDependencyConstraintGenerateInDDL>
</FKIndexAssociation>